timestamp,value
2021-02-01T00:00:00Z,248998.87401054602
2021-02-01T01:00:00Z,238635.053024546
2021-02-01T02:00:00Z,182650.3132054
2021-02-01T03:00:00Z,165945.65301303
2021-02-01T04:00:00Z,168124.17434700098
2021-02-01T05:00:00Z,146861.175834917
2021-02-01T06:00:00Z,151162.100679012
2021-02-01T07:00:00Z,177363.356728381
2021-02-01T08:00:00Z,191345.09216788
2021-02-01T09:00:00Z,224005.337673874
2021-02-01T10:00:00Z,218175.422484606
2021-02-01T11:00:00Z,226114.21862915801
2021-02-01T12:00:00Z,292027.296997082
2021-02-01T13:00:00Z,583475.68529806
2021-02-01T14:00:00Z,974519.383230439
2021-02-01T15:00:00Z,1033557.470468397
2021-02-01T16:00:00Z,959147.860981075
2021-02-01T17:00:00Z,866707.0560643859
2021-02-01T18:00:00Z,899272.547856023
2021-02-01T19:00:00Z,793855.926312317
2021-02-01T20:00:00Z,604850.765191371
2021-02-01T21:00:00Z,472504.30731246795
2021-02-01T22:00:00Z,397668.116475986
2021-02-01T23:00:00Z,423890.756694468
2021-02-02T00:00:00Z,516903.49281305703
2021-02-02T01:00:00Z,455177.12822118
2021-02-02T02:00:00Z,283941.17425673
2021-02-02T03:00:00Z,199631.278289727
2021-02-02T04:00:00Z,180538.468377012
2021-02-02T05:00:00Z,152076.241760707
2021-02-02T06:00:00Z,152072.40292062
2021-02-02T07:00:00Z,186166.364238545
2021-02-02T08:00:00Z,202035.532859028
2021-02-02T09:00:00Z,232487.47543218
2021-02-02T10:00:00Z,229775.047946631
2021-02-02T11:00:00Z,241682.14943385602
2021-02-02T12:00:00Z,324930.65236337896
2021-02-02T13:00:00Z,666021.559582434
2021-02-02T14:00:00Z,1119669.668976359
2021-02-02T15:00:00Z,1202361.0535213759
2021-02-02T16:00:00Z,1125731.768300796
2021-02-02T17:00:00Z,1041187.7168243
2021-02-02T18:00:00Z,1066223.01818069
2021-02-02T19:00:00Z,951159.187877409
2021-02-02T20:00:00Z,707530.6018784741
2021-02-02T21:00:00Z,531733.198047473
2021-02-02T22:00:00Z,458155.49853649
2021-02-02T23:00:00Z,505942.475867505
2021-02-03T00:00:00Z,638208.521272685
2021-02-03T01:00:00Z,568192.738531755
2021-02-03T02:00:00Z,336737.428118482
2021-02-03T03:00:00Z,210802.131642442
2021-02-03T04:00:00Z,182464.63103682103
2021-02-03T05:00:00Z,151552.463762186
2021-02-03T06:00:00Z,151017.173516341
2021-02-03T07:00:00Z,184578.13006606698
2021-02-03T08:00:00Z,201588.274815718
2021-02-03T09:00:00Z,235611.491933222
2021-02-03T10:00:00Z,235708.056182159
2021-02-03T11:00:00Z,250620.02172302897
2021-02-03T12:00:00Z,341050.990016202
2021-02-03T13:00:00Z,676458.033694312
2021-02-03T14:00:00Z,1107021.506630298
2021-02-03T15:00:00Z,1190361.62995376
2021-02-03T16:00:00Z,1110719.741305006
2021-02-03T17:00:00Z,1028435.9824665129
2021-02-03T18:00:00Z,1017957.9167767679
2021-02-03T19:00:00Z,916388.899644273
2021-02-03T20:00:00Z,708716.970709397
2021-02-03T21:00:00Z,552940.7304903311
2021-02-03T22:00:00Z,517730.700273529
2021-02-03T23:00:00Z,588076.878862626
2021-02-04T00:00:00Z,691695.324256668
2021-02-04T01:00:00Z,592170.173079132
2021-02-04T02:00:00Z,345259.815313618
2021-02-04T03:00:00Z,212018.987862778
2021-02-04T04:00:00Z,178030.80523085
2021-02-04T05:00:00Z,146988.56963910098
2021-02-04T06:00:00Z,150080.18430711402
2021-02-04T07:00:00Z,184384.52851148
2021-02-04T08:00:00Z,201200.269614891
2021-02-04T09:00:00Z,233320.242239107
2021-02-04T10:00:00Z,230796.65902244
2021-02-04T11:00:00Z,246292.44071847398
2021-02-04T12:00:00Z,353673.168383584
2021-02-04T13:00:00Z,721908.5751386629
2021-02-04T14:00:00Z,1161921.53676839
2021-02-04T15:00:00Z,1238372.979004435
2021-02-04T16:00:00Z,1163164.154619161
2021-02-04T17:00:00Z,1094361.4736366658
2021-02-04T18:00:00Z,1125350.8286995871
2021-02-04T19:00:00Z,1008811.707719292
2021-02-04T20:00:00Z,737928.610549632
2021-02-04T21:00:00Z,570009.3286870071
2021-02-04T22:00:00Z,509736.821575693
2021-02-04T23:00:00Z,562238.488414485
2021-02-05T00:00:00Z,666102.7045548529
2021-02-05T01:00:00Z,583937.7639560039
2021-02-05T02:00:00Z,346855.753047509
2021-02-05T03:00:00Z,208992.710815263
2021-02-05T04:00:00Z,164037.055134585
2021-02-05T05:00:00Z,126525.21260430301
2021-02-05T06:00:00Z,118025.22896133401
2021-02-05T07:00:00Z,146680.597039738
2021-02-05T08:00:00Z,164806.949216456
2021-02-05T09:00:00Z,203302.325536165
2021-02-05T10:00:00Z,206776.77810285898
2021-02-05T11:00:00Z,225912.86235240102
2021-02-05T12:00:00Z,320512.392103956
2021-02-05T13:00:00Z,662064.921745328
2021-02-05T14:00:00Z,1074843.840682435
2021-02-05T15:00:00Z,1118183.3877940408
2021-02-05T16:00:00Z,1033683.3247477759
2021-02-05T17:00:00Z,956904.1788383779
2021-02-05T18:00:00Z,943239.1871583209
2021-02-05T19:00:00Z,805095.912651232
2021-02-05T20:00:00Z,566567.457548248
2021-02-05T21:00:00Z,411583.450295186
2021-02-05T22:00:00Z,322292.952371259
2021-02-05T23:00:00Z,300053.051135298
2021-02-06T00:00:00Z,335851.982628243
2021-02-06T01:00:00Z,324904.739372554
2021-02-06T02:00:00Z,238983.37233369699
2021-02-06T03:00:00Z,168739.44018081902
2021-02-06T04:00:00Z,131789.889444461
2021-02-06T05:00:00Z,103786.394466925
2021-02-06T06:00:00Z,83961.887647878
2021-02-06T07:00:00Z,69819.74487645901
2021-02-06T08:00:00Z,72502.42630757201
2021-02-06T09:00:00Z,90600.91826443099
2021-02-06T10:00:00Z,98660.31025533
2021-02-06T11:00:00Z,105739.370340715
2021-02-06T12:00:00Z,141460.99894531
2021-02-06T13:00:00Z,218131.29922768602
2021-02-06T14:00:00Z,353021.88125807897
2021-02-06T15:00:00Z,484215.74735180294
2021-02-06T16:00:00Z,475888.638491639
2021-02-06T17:00:00Z,362720.697922846
2021-02-06T18:00:00Z,295999.737836227
2021-02-06T19:00:00Z,291431.342481929
2021-02-06T20:00:00Z,292832.334309138
2021-02-06T21:00:00Z,295253.749204913
2021-02-06T22:00:00Z,320195.932289078
2021-02-06T23:00:00Z,289142.558075246
2021-02-07T00:00:00Z,253233.288016855
2021-02-07T01:00:00Z,238064.324771714
2021-02-07T02:00:00Z,177797.443144013
2021-02-07T03:00:00Z,122317.80081658
2021-02-07T04:00:00Z,94043.64106161699
2021-02-07T05:00:00Z,80074.995021383
2021-02-07T06:00:00Z,77640.943422637
2021-02-07T07:00:00Z,73788.677826783
2021-02-07T08:00:00Z,73041.280614777
2021-02-07T09:00:00Z,75171.314440232
2021-02-07T10:00:00Z,77989.717786596
2021-02-07T11:00:00Z,86781.368160845
2021-02-07T12:00:00Z,133669.216968672
2021-02-07T13:00:00Z,183841.946462958
2021-02-07T14:00:00Z,277952.03550308896
2021-02-07T15:00:00Z,462494.491323434
2021-02-07T16:00:00Z,494416.569242494
2021-02-07T17:00:00Z,349011.91557779
2021-02-07T18:00:00Z,267312.746162706
2021-02-07T19:00:00Z,251609.222129386
2021-02-07T20:00:00Z,234944.261776492
2021-02-07T21:00:00Z,229282.228963635
2021-02-07T22:00:00Z,211841.969236543
2021-02-07T23:00:00Z,165879.691864637
2021-02-08T00:00:00Z,171225.983248092
2021-02-08T01:00:00Z,170408.927154211
2021-02-08T02:00:00Z,143669.078907708
2021-02-08T03:00:00Z,138079.043576204
2021-02-08T04:00:00Z,143626.455909325
2021-02-08T05:00:00Z,130410.872995421
2021-02-08T06:00:00Z,138513.96567935302
2021-02-08T07:00:00Z,166736.417206394
2021-02-08T08:00:00Z,198465.553187499
2021-02-08T09:00:00Z,235529.893139565
2021-02-08T10:00:00Z,233220.16526728898
2021-02-08T11:00:00Z,247811.084774902
2021-02-08T12:00:00Z,337057.975327368
2021-02-08T13:00:00Z,670774.609367349
2021-02-08T14:00:00Z,1090505.653590421
2021-02-08T15:00:00Z,1156590.555667898
2021-02-08T16:00:00Z,1080630.250567931
2021-02-08T17:00:00Z,1000217.0313826591
2021-02-08T18:00:00Z,1024271.4850588859
2021-02-08T19:00:00Z,921188.178322084
2021-02-08T20:00:00Z,665662.944638429
2021-02-08T21:00:00Z,507371.282365494
2021-02-08T22:00:00Z,434245.959326279
2021-02-08T23:00:00Z,463183.833892115
2021-02-09T00:00:00Z,563689.763275772
2021-02-09T01:00:00Z,474809.72207696
2021-02-09T02:00:00Z,277135.928138756
2021-02-09T03:00:00Z,178648.15312432102
2021-02-09T04:00:00Z,158846.74150153098
2021-02-09T05:00:00Z,132949.482245777
2021-02-09T06:00:00Z,136957.739830741
2021-02-09T07:00:00Z,166215.130698295
2021-02-09T08:00:00Z,191634.684995727
2021-02-09T09:00:00Z,233714.608059035
2021-02-09T10:00:00Z,238863.106431258
2021-02-09T11:00:00Z,261090.923413315
2021-02-09T12:00:00Z,366127.840824786
2021-02-09T13:00:00Z,726684.804055428
2021-02-09T14:00:00Z,1171868.3259352942
2021-02-09T15:00:00Z,1257337.273890847
2021-02-09T16:00:00Z,1185740.255957696
2021-02-09T17:00:00Z,1101333.252228426
2021-02-09T18:00:00Z,1121179.335115218
2021-02-09T19:00:00Z,1004615.7491120009
2021-02-09T20:00:00Z,729694.6399560459
2021-02-09T21:00:00Z,556873.893881637
2021-02-09T22:00:00Z,491660.82257278706
2021-02-09T23:00:00Z,546053.701947846
2021-02-10T00:00:00Z,692408.571230085
2021-02-10T01:00:00Z,586002.496376651
2021-02-10T02:00:00Z,322157.55962734396
2021-02-10T03:00:00Z,189557.18005853103
2021-02-10T04:00:00Z,161349.684900285
2021-02-10T05:00:00Z,136042.236314786
2021-02-10T06:00:00Z,140583.716668325
2021-02-10T07:00:00Z,168757.61262899401
2021-02-10T08:00:00Z,192701.14589147602
2021-02-10T09:00:00Z,237773.344999675
2021-02-10T10:00:00Z,239331.578977616
2021-02-10T11:00:00Z,264343.651476765
2021-02-10T12:00:00Z,365301.65081156703
2021-02-10T13:00:00Z,707622.909828231
2021-02-10T14:00:00Z,1139096.854805301
2021-02-10T15:00:00Z,1205698.859571388
2021-02-10T16:00:00Z,1132600.940936995
2021-02-10T17:00:00Z,1054723.573491266
2021-02-10T18:00:00Z,1041852.2057846809
2021-02-10T19:00:00Z,935189.093737126
2021-02-10T20:00:00Z,718552.704116477
2021-02-10T21:00:00Z,563212.17324593
2021-02-10T22:00:00Z,531402.5934070661
2021-02-10T23:00:00Z,604450.863663717
2021-02-11T00:00:00Z,713311.8756546971
2021-02-11T01:00:00Z,584605.12337152
2021-02-11T02:00:00Z,326662.039792849
2021-02-11T03:00:00Z,192276.63093155102
2021-02-11T04:00:00Z,163437.16077388302
2021-02-11T05:00:00Z,137333.435835437
2021-02-11T06:00:00Z,140738.208318721
2021-02-11T07:00:00Z,171490.780901107
2021-02-11T08:00:00Z,194153.40563540102
2021-02-11T09:00:00Z,238882.88321289103
2021-02-11T10:00:00Z,244592.22255521602
2021-02-11T11:00:00Z,268214.769581522
2021-02-11T12:00:00Z,370736.07350790396
2021-02-11T13:00:00Z,715205.2775120529
2021-02-11T14:00:00Z,1142900.391421704
2021-02-11T15:00:00Z,1225717.190941352
2021-02-11T16:00:00Z,1171887.346597837
2021-02-11T17:00:00Z,1102431.22566927
2021-02-11T18:00:00Z,1118551.827699594
2021-02-11T19:00:00Z,1004326.274806543
2021-02-11T20:00:00Z,735091.884211285
2021-02-11T21:00:00Z,573624.420720925
2021-02-11T22:00:00Z,527096.876030928
2021-02-11T23:00:00Z,579734.083942161
2021-02-12T00:00:00Z,684048.942751208
2021-02-12T01:00:00Z,572871.094541387
2021-02-12T02:00:00Z,324495.84784608
2021-02-12T03:00:00Z,190604.33805197102
2021-02-12T04:00:00Z,151758.631618376
2021-02-12T05:00:00Z,118310.920558495
2021-02-12T06:00:00Z,113436.046439843
2021-02-12T07:00:00Z,137421.325537234
2021-02-12T08:00:00Z,163790.684353818
2021-02-12T09:00:00Z,209621.06553892102
2021-02-12T10:00:00Z,221886.296281684
2021-02-12T11:00:00Z,244990.494975229
2021-02-12T12:00:00Z,332191.238363304
2021-02-12T13:00:00Z,616259.515352044
2021-02-12T14:00:00Z,941768.0261036041
2021-02-12T15:00:00Z,998682.8252095609
2021-02-12T16:00:00Z,938555.5575655791
2021-02-12T17:00:00Z,857572.4393308541
2021-02-12T18:00:00Z,818591.7602570041
2021-02-12T19:00:00Z,708034.2857081629
2021-02-12T20:00:00Z,523415.717861087
2021-02-12T21:00:00Z,388950.09074802604
2021-02-12T22:00:00Z,317902.342498378
2021-02-12T23:00:00Z,297657.177030274
2021-02-13T00:00:00Z,333352.64102499397
2021-02-13T01:00:00Z,322073.990106008
2021-02-13T02:00:00Z,237771.201210548
2021-02-13T03:00:00Z,163108.990175002
2021-02-13T04:00:00Z,122077.28509302199
2021-02-13T05:00:00Z,94937.81155834
2021-02-13T06:00:00Z,77975.063097693
2021-02-13T07:00:00Z,64860.691931202
2021-02-13T08:00:00Z,67447.390076892
2021-02-13T09:00:00Z,84001.501463168
2021-02-13T10:00:00Z,90985.12170260401
2021-02-13T11:00:00Z,93649.025039206
2021-02-13T12:00:00Z,128034.100055534
2021-02-13T13:00:00Z,196879.25110861898
2021-02-13T14:00:00Z,315552.32238754
2021-02-13T15:00:00Z,441926.442263772
2021-02-13T16:00:00Z,440927.111349548
2021-02-13T17:00:00Z,334689.303305006
2021-02-13T18:00:00Z,274835.337059135
2021-02-13T19:00:00Z,267288.626971553
2021-02-13T20:00:00Z,264770.884898103
2021-02-13T21:00:00Z,273449.290393455
2021-02-13T22:00:00Z,300764.836862115
2021-02-13T23:00:00Z,277593.489403076
2021-02-14T00:00:00Z,255401.81703936198
2021-02-14T01:00:00Z,239822.580622707
2021-02-14T02:00:00Z,176881.069829871
2021-02-14T03:00:00Z,115066.6051305
2021-02-14T04:00:00Z,90175.41061861801
2021-02-14T05:00:00Z,75086.19912057901
2021-02-14T06:00:00Z,73021.270393577
2021-02-14T07:00:00Z,68807.29875391099
2021-02-14T08:00:00Z,69737.574649414
2021-02-14T09:00:00Z,70682.450563704
2021-02-14T10:00:00Z,71918.55082347
2021-02-14T11:00:00Z,80438.828276054
2021-02-14T12:00:00Z,128222.868381055
2021-02-14T13:00:00Z,173043.927369276
2021-02-14T14:00:00Z,254433.58546886398
2021-02-14T15:00:00Z,421441.94551221206
2021-02-14T16:00:00Z,445513.947664484
2021-02-14T17:00:00Z,299778.49490399397
2021-02-14T18:00:00Z,218439.20792059
2021-02-14T19:00:00Z,202416.316594933
2021-02-14T20:00:00Z,191498.10834551
2021-02-14T21:00:00Z,193764.863809187
2021-02-14T22:00:00Z,184889.13648158603
2021-02-14T23:00:00Z,161544.831627039
2021-02-15T00:00:00Z,174596.280930439
2021-02-15T01:00:00Z,176710.82989802302
2021-02-15T02:00:00Z,142280.872664987
2021-02-15T03:00:00Z,138568.545715222
2021-02-15T04:00:00Z,144596.125908459
2021-02-15T05:00:00Z,150259.512513941
2021-02-15T06:00:00Z,211814.179933887
2021-02-15T07:00:00Z,244571.00473791198
2021-02-15T08:00:00Z,238071.940338482
2021-02-15T09:00:00Z,244921.91414612398
2021-02-15T10:00:00Z,208100.563633757
2021-02-15T11:00:00Z,236895.51947239
2021-02-15T12:00:00Z,282672.224018488
2021-02-15T13:00:00Z,390143.385536716
2021-02-15T14:00:00Z,516008.20132379205
2021-02-15T15:00:00Z,561774.96153122
2021-02-15T16:00:00Z,527318.581898914
2021-02-15T17:00:00Z,482061.32379262603
2021-02-15T18:00:00Z,461715.88958684
2021-02-15T19:00:00Z,453678.905316989
2021-02-15T20:00:00Z,384925.60658412206
2021-02-15T21:00:00Z,311330.819490994
2021-02-15T22:00:00Z,282064.873278954
2021-02-15T23:00:00Z,319612.586652996
2021-02-16T00:00:00Z,417915.75424113794
2021-02-16T01:00:00Z,369205.49557280797
2021-02-16T02:00:00Z,226233.49993894802
2021-02-16T03:00:00Z,144423.802951031
2021-02-16T04:00:00Z,125027.223446174
2021-02-16T05:00:00Z,129062.62128286301
2021-02-16T06:00:00Z,218381.07952906302
2021-02-16T07:00:00Z,282046.149544205
2021-02-16T08:00:00Z,276696.162114321
2021-02-16T09:00:00Z,284299.43930295
2021-02-16T10:00:00Z,217307.644511334
2021-02-16T11:00:00Z,211978.266060055
2021-02-16T12:00:00Z,280190.764496197
2021-02-16T13:00:00Z,500450.282363349
2021-02-16T14:00:00Z,817307.461633608
2021-02-16T15:00:00Z,938908.5636117441
2021-02-16T16:00:00Z,878418.358546765
2021-02-16T17:00:00Z,794471.3523146609
2021-02-16T18:00:00Z,825849.3019615341
2021-02-16T19:00:00Z,762683.683831945
2021-02-16T20:00:00Z,567046.512458735
2021-02-16T21:00:00Z,445765.922373225
2021-02-16T22:00:00Z,385223.552546634
2021-02-16T23:00:00Z,444034.9732
2021-02-17T00:00:00Z,597795.675684518
2021-02-17T01:00:00Z,521428.476096665
2021-02-17T02:00:00Z,292318.59407140897
2021-02-17T03:00:00Z,173701.241928076
2021-02-17T04:00:00Z,142521.716947637
2021-02-17T05:00:00Z,141739.780987757
2021-02-17T06:00:00Z,203828.856953286
2021-02-17T07:00:00Z,256671.552328105
2021-02-17T08:00:00Z,260258.301920891
2021-02-17T09:00:00Z,267748.201629646
2021-02-17T10:00:00Z,228443.452555046
2021-02-17T11:00:00Z,263478.125577688
2021-02-17T12:00:00Z,385906.48504038295
2021-02-17T13:00:00Z,650221.811878874
2021-02-17T14:00:00Z,953253.8275604671
2021-02-17T15:00:00Z,1005322.6694619809
2021-02-17T16:00:00Z,933330.715565252
2021-02-17T17:00:00Z,856529.961761441
2021-02-17T18:00:00Z,854080.9308203091
2021-02-17T19:00:00Z,784498.42603566
2021-02-17T20:00:00Z,613790.454757886
2021-02-17T21:00:00Z,494705.664691214
2021-02-17T22:00:00Z,474298.22874005296
2021-02-17T23:00:00Z,542086.2386081311
2021-02-18T00:00:00Z,652030.505883261
2021-02-18T01:00:00Z,555161.652915236
2021-02-18T02:00:00Z,322035.273935723
2021-02-18T03:00:00Z,193133.28656703103
2021-02-18T04:00:00Z,152303.641096746
2021-02-18T05:00:00Z,144359.500763903
2021-02-18T06:00:00Z,228040.232154353
2021-02-18T07:00:00Z,299039.146139858
2021-02-18T08:00:00Z,294266.75877947896
2021-02-18T09:00:00Z,298048.94188000396
2021-02-18T10:00:00Z,243032.082574357
2021-02-18T11:00:00Z,261376.238544435
2021-02-18T12:00:00Z,369905.219897329
2021-02-18T13:00:00Z,644490.454652088
2021-02-18T14:00:00Z,976007.992565894
2021-02-18T15:00:00Z,1054100.609206744
2021-02-18T16:00:00Z,993629.2792163009
2021-02-18T17:00:00Z,921748.041902946
2021-02-18T18:00:00Z,928674.774319925
2021-02-18T19:00:00Z,861352.519772955
2021-02-18T20:00:00Z,655797.4745142079
2021-02-18T21:00:00Z,529282.992751843
2021-02-18T22:00:00Z,499476.627741249
2021-02-18T23:00:00Z,562978.792531647
2021-02-19T00:00:00Z,682133.641434602
2021-02-19T01:00:00Z,588101.962985654
2021-02-19T02:00:00Z,336776.16325778
2021-02-19T03:00:00Z,187468.37823317602
2021-02-19T04:00:00Z,134975.200361147
2021-02-19T05:00:00Z,120583.610832772
2021-02-19T06:00:00Z,172657.794288319
2021-02-19T07:00:00Z,224723.54166580198
2021-02-19T08:00:00Z,230586.093634363
2021-02-19T09:00:00Z,233079.672306988
2021-02-19T10:00:00Z,211986.784821785
2021-02-19T11:00:00Z,267487.117499166
2021-02-19T12:00:00Z,381868.535079106
2021-02-19T13:00:00Z,638505.131231885
2021-02-19T14:00:00Z,923815.139762894
2021-02-19T15:00:00Z,962953.9599398541
2021-02-19T16:00:00Z,883229.33850261
2021-02-19T17:00:00Z,797672.032528418
2021-02-19T18:00:00Z,774955.533831367
2021-02-19T19:00:00Z,678589.038186969
2021-02-19T20:00:00Z,509506.185667045
2021-02-19T21:00:00Z,386886.41853406
2021-02-19T22:00:00Z,316472.544559484
2021-02-19T23:00:00Z,295425.220912854
2021-02-20T00:00:00Z,339385.262949417
2021-02-20T01:00:00Z,328945.21971534897
2021-02-20T02:00:00Z,237695.98454972397
2021-02-20T03:00:00Z,161411.069697463
2021-02-20T04:00:00Z,123430.67409372
2021-02-20T05:00:00Z,95802.813614424
2021-02-20T06:00:00Z,82308.523272815
2021-02-20T07:00:00Z,78905.956144104
2021-02-20T08:00:00Z,82514.568019874
2021-02-20T09:00:00Z,93950.12769259699
2021-02-20T10:00:00Z,97052.949747557
2021-02-20T11:00:00Z,107243.672998634
2021-02-20T12:00:00Z,149405.430969112
2021-02-20T13:00:00Z,225439.774086295
2021-02-20T14:00:00Z,350038.057825942
2021-02-20T15:00:00Z,472661.764371932
2021-02-20T16:00:00Z,466671.835030835
2021-02-20T17:00:00Z,355089.178471049
2021-02-20T18:00:00Z,291582.53820157197
2021-02-20T19:00:00Z,288350.141380142
2021-02-20T20:00:00Z,283053.702125634
2021-02-20T21:00:00Z,277229.857680775
2021-02-20T22:00:00Z,306136.46583818103
2021-02-20T23:00:00Z,284181.356168254
2021-02-21T00:00:00Z,249513.798490151
2021-02-21T01:00:00Z,231676.98118473898
2021-02-21T02:00:00Z,169125.847361901
2021-02-21T03:00:00Z,111383.281984578
2021-02-21T04:00:00Z,87642.465796901
2021-02-21T05:00:00Z,75913.471662891
2021-02-21T06:00:00Z,70628.56222392799
2021-02-21T07:00:00Z,68482.193539634
2021-02-21T08:00:00Z,68578.769065755
2021-02-21T09:00:00Z,71328.047457295
2021-02-21T10:00:00Z,74693.161221188
2021-02-21T11:00:00Z,86998.874917922
2021-02-21T12:00:00Z,138564.442585471
2021-02-21T13:00:00Z,187816.227985278
2021-02-21T14:00:00Z,282608.812978039
2021-02-21T15:00:00Z,456567.586903945
2021-02-21T16:00:00Z,484336.655538669
2021-02-21T17:00:00Z,333911.597037402
2021-02-21T18:00:00Z,256842.64163387398
2021-02-21T19:00:00Z,245504.632308711
2021-02-21T20:00:00Z,235064.75744914397
2021-02-21T21:00:00Z,239440.362623192
2021-02-21T22:00:00Z,229059.517154207
2021-02-21T23:00:00Z,208766.44163028698
2021-02-22T00:00:00Z,248218.980857583
2021-02-22T01:00:00Z,252009.13057726802
2021-02-22T02:00:00Z,192217.10508448
2021-02-22T03:00:00Z,158888.16180190002
2021-02-22T04:00:00Z,142987.704856345
2021-02-22T05:00:00Z,141580.52670344198
2021-02-22T06:00:00Z,207331.089505301
2021-02-22T07:00:00Z,263385.09184842603
2021-02-22T08:00:00Z,263176.20454591396
2021-02-22T09:00:00Z,292869.606145462
2021-02-22T10:00:00Z,261283.090016092
2021-02-22T11:00:00Z,302894.99932587397
2021-02-22T12:00:00Z,407726.281669471
2021-02-22T13:00:00Z,744541.4893687479
2021-02-22T14:00:00Z,1105298.640919996
2021-02-22T15:00:00Z,1134660.128844442
2021-02-22T16:00:00Z,1048125.011189955
2021-02-22T17:00:00Z,975981.109236535
2021-02-22T18:00:00Z,1002201.454608242
2021-02-22T19:00:00Z,899409.898529625
2021-02-22T20:00:00Z,655492.668042182
2021-02-22T21:00:00Z,509346.24269841897
2021-02-22T22:00:00Z,449906.01452315797
2021-02-22T23:00:00Z,473902.500365421
2021-02-23T00:00:00Z,58409.6642253805
2021-02-23T01:00:00Z,50108.6002141904
2021-02-23T02:00:00Z,30802.379786316
2021-02-23T03:00:00Z,19340.1161829718
2021-02-23T04:00:00Z,15066.0972394509
2021-02-23T05:00:00Z,14270.4052723477
2021-02-23T06:00:00Z,22879.270391925602
2021-02-23T07:00:00Z,30497.4209887608
2021-02-23T08:00:00Z,30007.5856837358
2021-02-23T09:00:00Z,32882.2284710575
2021-02-23T10:00:00Z,26985.548301367402
2021-02-23T11:00:00Z,29467.503346050897
2021-02-23T12:00:00Z,40838.6512702775
2021-02-23T13:00:00Z,75193.161970266
2021-02-23T14:00:00Z,114050.36161735131
2021-02-23T15:00:00Z,120478.2727349348
2021-02-23T16:00:00Z,113269.3037640485
2021-02-23T17:00:00Z,106149.9904713471
2021-02-23T18:00:00Z,107770.03921709901
2021-02-23T19:00:00Z,97730.56249755711
2021-02-23T20:00:00Z,71260.3776935066
2021-02-23T21:00:00Z,55545.8194027571
2021-02-23T22:00:00Z,49748.5829368535
2021-02-23T23:00:00Z,54647.751984258095
2021-02-24T00:00:00Z,694345.9177829521
2021-02-24T01:00:00Z,605184.9024498
2021-02-24T02:00:00Z,344867.701282385
2021-02-24T03:00:00Z,201374.040452451
2021-02-24T04:00:00Z,158431.241918835
2021-02-24T05:00:00Z,149000.715308886
2021-02-24T06:00:00Z,204492.03297055198
2021-02-24T07:00:00Z,260325.73226875
2021-02-24T08:00:00Z,267759.01803702104
2021-02-24T09:00:00Z,298001.72810887604
2021-02-24T10:00:00Z,266385.960612223
2021-02-24T11:00:00Z,321976.438337987
2021-02-24T12:00:00Z,443005.096147096
2021-02-24T13:00:00Z,779597.312687981
2021-02-24T14:00:00Z,1151529.792705747
2021-02-24T15:00:00Z,1185951.044285476
2021-02-24T16:00:00Z,1108045.760846707
2021-02-24T17:00:00Z,1033607.3187298409
2021-02-24T18:00:00Z,1013244.3824498841
2021-02-24T19:00:00Z,910542.1028785709
2021-02-24T20:00:00Z,709589.316833655
2021-02-24T21:00:00Z,563062.432345954
2021-02-24T22:00:00Z,544348.726870832
2021-02-24T23:00:00Z,623852.999995776
2021-02-25T00:00:00Z,742572.0237340559
2021-02-25T01:00:00Z,633836.781411755
2021-02-25T02:00:00Z,361727.915120674
2021-02-25T03:00:00Z,205526.701822022
2021-02-25T04:00:00Z,158911.172634993
2021-02-25T05:00:00Z,147561.791111141
2021-02-25T06:00:00Z,224873.998754173
2021-02-25T07:00:00Z,293968.051077584
2021-02-25T08:00:00Z,292050.75929652
2021-02-25T09:00:00Z,318942.831460675
2021-02-25T10:00:00Z,265045.431713062
2021-02-25T11:00:00Z,287559.03753140604
2021-02-25T12:00:00Z,402968.495230663
2021-02-25T13:00:00Z,751274.198749062
2021-02-25T14:00:00Z,1153485.2584992892
2021-02-25T15:00:00Z,1206277.468002903
2021-02-25T16:00:00Z,1140732.965444936
2021-02-25T17:00:00Z,1083679.767648498
2021-02-25T18:00:00Z,1098316.503196785
2021-02-25T19:00:00Z,977085.277861462
2021-02-25T20:00:00Z,733280.941282997
2021-02-25T21:00:00Z,577561.367589782
2021-02-25T22:00:00Z,543033.9204520939
2021-02-25T23:00:00Z,602836.28656902
2021-02-26T00:00:00Z,713764.4206534179
2021-02-26T01:00:00Z,611984.184516752
2021-02-26T02:00:00Z,351542.73660487303
2021-02-26T03:00:00Z,197714.564047321
2021-02-26T04:00:00Z,142265.636569122
2021-02-26T05:00:00Z,125733.838047086
2021-02-26T06:00:00Z,175484.468841372
2021-02-26T07:00:00Z,223046.466365133
2021-02-26T08:00:00Z,228838.30031176397
2021-02-26T09:00:00Z,258903.91216125898
2021-02-26T10:00:00Z,233036.100019158
2021-02-26T11:00:00Z,289622.543410659
2021-02-26T12:00:00Z,395093.329292979
2021-02-26T13:00:00Z,713606.002675405
2021-02-26T14:00:00Z,1059171.6333062141
2021-02-26T15:00:00Z,1069047.4424501741
2021-02-26T16:00:00Z,977924.907490495
2021-02-26T17:00:00Z,912292.7442548859
2021-02-26T18:00:00Z,890182.929605775
2021-02-26T19:00:00Z,763521.141757185
2021-02-26T20:00:00Z,545739.110155032
2021-02-26T21:00:00Z,398144.27085300203
2021-02-26T22:00:00Z,328993.257886264
2021-02-26T23:00:00Z,312985.294049175
2021-02-27T00:00:00Z,347228.128999128
2021-02-27T01:00:00Z,327784.328714838
2021-02-27T02:00:00Z,232661.870435333
2021-02-27T03:00:00Z,150552.11685663802
2021-02-27T04:00:00Z,111269.997398384
2021-02-27T05:00:00Z,86085.740199846
2021-02-27T06:00:00Z,73551.06204773
2021-02-27T07:00:00Z,71645.834385986
2021-02-27T08:00:00Z,76446.51630106599
2021-02-27T09:00:00Z,91309.35781455
2021-02-27T10:00:00Z,96848.13076424199
2021-02-27T11:00:00Z,109467.903020995
2021-02-27T12:00:00Z,156952.24201020598
2021-02-27T13:00:00Z,232183.45121226
2021-02-27T14:00:00Z,358492.256894211
2021-02-27T15:00:00Z,479585.81226543
2021-02-27T16:00:00Z,466628.92794012703
2021-02-27T17:00:00Z,359744.783447357
2021-02-27T18:00:00Z,297599.898190382
2021-02-27T19:00:00Z,287069.527137699
2021-02-27T20:00:00Z,278379.174420286
2021-02-27T21:00:00Z,277558.270089052
2021-02-27T22:00:00Z,304546.631500133
2021-02-27T23:00:00Z,284717.96598527103
2021-02-28T00:00:00Z,251801.50567502898
2021-02-28T01:00:00Z,227133.294213807
2021-02-28T02:00:00Z,165425.848806493
2021-02-28T03:00:00Z,108894.54865694
2021-02-28T04:00:00Z,84695.520549496
2021-02-28T05:00:00Z,73170.40251507
2021-02-28T06:00:00Z,64682.404769002
2021-02-28T07:00:00Z,57383.271390332004
2021-02-28T08:00:00Z,56743.553194587
2021-02-28T09:00:00Z,61734.892663149
2021-02-28T10:00:00Z,67173.318386735
2021-02-28T11:00:00Z,78617.93886203901
2021-02-28T12:00:00Z,133666.095500898
2021-02-28T13:00:00Z,187505.93188798102
2021-02-28T14:00:00Z,285670.70745427697
2021-02-28T15:00:00Z,454834.43590259296
2021-02-28T16:00:00Z,482058.26550185104
2021-02-28T17:00:00Z,337929.034211937
2021-02-28T18:00:00Z,256583.30477140102
2021-02-28T19:00:00Z,242016.19138174
2021-02-28T20:00:00Z,235332.588252001
2021-02-28T21:00:00Z,233354.07101808
2021-02-28T22:00:00Z,226807.177304328
2021-02-28T23:00:00Z,202414.179910685
2021-03-01T00:00:00Z,235524.42287180602
2021-03-01T01:00:00Z,219678.52059218302
2021-03-01T02:00:00Z,160835.295487982
2021-03-01T03:00:00Z,137760.33414814802
2021-03-01T04:00:00Z,134503.803968542
2021-03-01T05:00:00Z,133660.197332359
2021-03-01T06:00:00Z,194655.357983745
2021-03-01T07:00:00Z,246893.34545397398
2021-03-01T08:00:00Z,251000.708648036
2021-03-01T09:00:00Z,288962.230340597
2021-03-01T10:00:00Z,254620.8616718
2021-03-01T11:00:00Z,283599.478041793
2021-03-01T12:00:00Z,386619.61635228206
2021-03-01T13:00:00Z,706869.501733109
2021-03-01T14:00:00Z,1068870.992752809
2021-03-01T15:00:00Z,1096064.169087911
2021-03-01T16:00:00Z,1016477.115155895
2021-03-01T17:00:00Z,951083.586654122
2021-03-01T18:00:00Z,967473.8425094091
2021-03-01T19:00:00Z,873420.967211049
2021-03-01T20:00:00Z,626700.619749937
2021-03-01T21:00:00Z,475580.61212679994
2021-03-01T22:00:00Z,420477.018252387
2021-03-01T23:00:00Z,442797.357501445
2021-03-02T00:00:00Z,551009.596812439
2021-03-02T01:00:00Z,463453.549625537
2021-03-02T02:00:00Z,282952.067307962
2021-03-02T03:00:00Z,179325.01828753398
2021-03-02T04:00:00Z,147771.937686959
2021-03-02T05:00:00Z,123357.598185718
2021-03-02T06:00:00Z,142238.163007295
2021-03-02T07:00:00Z,167068.411560548
2021-03-02T08:00:00Z,182179.85866947
2021-03-02T09:00:00Z,219236.07485797
2021-03-02T10:00:00Z,228502.360709603
2021-03-02T11:00:00Z,282258.385617679
2021-03-02T12:00:00Z,392509.34306015
2021-03-02T13:00:00Z,727140.3787948709
2021-03-02T14:00:00Z,1112917.897775547
2021-03-02T15:00:00Z,1166602.142653373
2021-03-02T16:00:00Z,1097499.689712614
2021-03-02T17:00:00Z,1031096.452887657
2021-03-02T18:00:00Z,1031402.007292678
2021-03-02T19:00:00Z,932601.3276295591
2021-03-02T20:00:00Z,680525.6543479221
2021-03-02T21:00:00Z,524576.739150091
2021-03-02T22:00:00Z,476719.09156588104
2021-03-02T23:00:00Z,515576.445127215
2021-03-03T00:00:00Z,672727.871397502
2021-03-03T01:00:00Z,578244.641031001
2021-03-03T02:00:00Z,323985.91514671
2021-03-03T03:00:00Z,185189.041016783
2021-03-03T04:00:00Z,147396.873579225
2021-03-03T05:00:00Z,120808.374808263
2021-03-03T06:00:00Z,152815.797849687
2021-03-03T07:00:00Z,191398.669351891
2021-03-03T08:00:00Z,202540.18770771602
2021-03-03T09:00:00Z,240136.725188107
2021-03-03T10:00:00Z,234286.155732631
2021-03-03T11:00:00Z,292786.82432578603
2021-03-03T12:00:00Z,398895.345924269
2021-03-03T13:00:00Z,698081.922400168
2021-03-03T14:00:00Z,1054285.174581564
2021-03-03T15:00:00Z,1105651.9361603241
2021-03-03T16:00:00Z,1046641.7106386591
2021-03-03T17:00:00Z,982178.9684508371
2021-03-03T18:00:00Z,946103.255970965
2021-03-03T19:00:00Z,850718.18447421
2021-03-03T20:00:00Z,663494.0499612279
2021-03-03T21:00:00Z,521113.293221585
2021-03-03T22:00:00Z,505795.994170204
2021-03-03T23:00:00Z,573417.934799945
2021-03-04T00:00:00Z,708952.4809626959
2021-03-04T01:00:00Z,591728.163041827
2021-03-04T02:00:00Z,329387.090505235
2021-03-04T03:00:00Z,185472.84556014603
2021-03-04T04:00:00Z,145224.208597718
2021-03-04T05:00:00Z,116366.74598949199
2021-03-04T06:00:00Z,133330.71075524698
2021-03-04T07:00:00Z,158894.789425878
2021-03-04T08:00:00Z,172276.026453315
2021-03-04T09:00:00Z,213290.436367442
2021-03-04T10:00:00Z,225947.240042277
2021-03-04T11:00:00Z,285029.407099366
2021-03-04T12:00:00Z,393101.819299251
2021-03-04T13:00:00Z,732801.5885779241
2021-03-04T14:00:00Z,1123974.211043812
2021-03-04T15:00:00Z,1174946.5922123708
2021-03-04T16:00:00Z,1106352.619323337
2021-03-04T17:00:00Z,1044828.3405971259
2021-03-04T18:00:00Z,1047058.9351649509
2021-03-04T19:00:00Z,941620.3411247841
2021-03-04T20:00:00Z,695116.169673301
2021-03-04T21:00:00Z,548875.8079897279
2021-03-04T22:00:00Z,518252.54647947
2021-03-04T23:00:00Z,561964.490769102
2021-03-05T00:00:00Z,683597.275724491
2021-03-05T01:00:00Z,585628.752741429
2021-03-05T02:00:00Z,334510.547470905
2021-03-05T03:00:00Z,185819.15170099397
2021-03-05T04:00:00Z,137336.06118746402
2021-03-05T05:00:00Z,102703.854315351
2021-03-05T06:00:00Z,111338.224745666
2021-03-05T07:00:00Z,142307.781822156
2021-03-05T08:00:00Z,158604.79585512
2021-03-05T09:00:00Z,193976.42102899897
2021-03-05T10:00:00Z,203696.75619987
2021-03-05T11:00:00Z,257804.24938374103
2021-03-05T12:00:00Z,353807.41513611
2021-03-05T13:00:00Z,670724.7987130589
2021-03-05T14:00:00Z,1031293.95240491
2021-03-05T15:00:00Z,1055433.7901281891
2021-03-05T16:00:00Z,980730.37731675
2021-03-05T17:00:00Z,906117.350980043
2021-03-05T18:00:00Z,861778.2664518821
2021-03-05T19:00:00Z,732026.001049042
2021-03-05T20:00:00Z,517548.15092384396
2021-03-05T21:00:00Z,380513.613544783
2021-03-05T22:00:00Z,311547.420510805
2021-03-05T23:00:00Z,290025.335418727
2021-03-06T00:00:00Z,325552.784167918
2021-03-06T01:00:00Z,304559.756496856
2021-03-06T02:00:00Z,218763.18097101
2021-03-06T03:00:00Z,143668.538396735
2021-03-06T04:00:00Z,100960.798742117
2021-03-06T05:00:00Z,77273.348188149
2021-03-06T06:00:00Z,65447.21248226
2021-03-06T07:00:00Z,61443.954237144004
2021-03-06T08:00:00Z,65944.016949076
2021-03-06T09:00:00Z,78513.289864287
2021-03-06T10:00:00Z,86429.80331524
2021-03-06T11:00:00Z,101619.65420075301
2021-03-06T12:00:00Z,151052.04397214198
2021-03-06T13:00:00Z,231455.091924454
2021-03-06T14:00:00Z,366780.083182102
2021-03-06T15:00:00Z,485764.602474484
2021-03-06T16:00:00Z,471423.23983216204
2021-03-06T17:00:00Z,355965.949457969
2021-03-06T18:00:00Z,290944.888378167
2021-03-06T19:00:00Z,276208.167091461
2021-03-06T20:00:00Z,270151.11380441603
2021-03-06T21:00:00Z,265444.698620734
2021-03-06T22:00:00Z,282682.20521021
2021-03-06T23:00:00Z,265088.787827923
2021-03-07T00:00:00Z,234028.163528225
2021-03-07T01:00:00Z,215354.849926862
2021-03-07T02:00:00Z,159222.49701619
2021-03-07T03:00:00Z,108384.711993611
2021-03-07T04:00:00Z,84680.637627999
2021-03-07T05:00:00Z,69628.364002517
2021-03-07T06:00:00Z,64219.013622000995
2021-03-07T07:00:00Z,58836.58910093
2021-03-07T08:00:00Z,58059.042599899
2021-03-07T09:00:00Z,61731.70385715
2021-03-07T10:00:00Z,67798.226414497
2021-03-07T11:00:00Z,79872.64794457599
2021-03-07T12:00:00Z,129206.006754253
2021-03-07T13:00:00Z,180617.37339202603
2021-03-07T14:00:00Z,276419.588479325
2021-03-07T15:00:00Z,447676.698366045
2021-03-07T16:00:00Z,470552.62657375296
2021-03-07T17:00:00Z,324197.660264542
2021-03-07T18:00:00Z,247018.595464648
2021-03-07T19:00:00Z,234938.653405467
2021-03-07T20:00:00Z,219780.765154358
2021-03-07T21:00:00Z,221292.17252320398
2021-03-07T22:00:00Z,210295.959590518
2021-03-07T23:00:00Z,195125.99900113101
2021-03-08T00:00:00Z,252050.899111175
2021-03-08T01:00:00Z,234922.53120310302
2021-03-08T02:00:00Z,167315.799031015
2021-03-08T03:00:00Z,134318.201626799
2021-03-08T04:00:00Z,118322.413066379
2021-03-08T05:00:00Z,100315.16667545699
2021-03-08T06:00:00Z,108390.98463536901
2021-03-08T07:00:00Z,139727.409235982
2021-03-08T08:00:00Z,154432.988026181
2021-03-08T09:00:00Z,174870.47144295598
2021-03-08T10:00:00Z,197739.365899629
2021-03-08T11:00:00Z,252937.738683852
2021-03-08T12:00:00Z,361569.93015141797
2021-03-08T13:00:00Z,686760.2553793071
2021-03-08T14:00:00Z,1024222.4865228409
2021-03-08T15:00:00Z,1062018.431882853
2021-03-08T16:00:00Z,1005142.89465606
2021-03-08T17:00:00Z,951147.5193507541
2021-03-08T18:00:00Z,942831.5787990909
2021-03-08T19:00:00Z,837757.228418418
2021-03-08T20:00:00Z,621464.685722918
2021-03-08T21:00:00Z,483072.61858241295
2021-03-08T22:00:00Z,433103.202223824
2021-03-08T23:00:00Z,456596.37300713797
2021-03-09T00:00:00Z,586290.74252779
2021-03-09T01:00:00Z,477561.681770615
2021-03-09T02:00:00Z,273804.729525486
2021-03-09T03:00:00Z,163554.27666909198
2021-03-09T04:00:00Z,133287.1288266859
2021-03-09T05:00:00Z,107766.07358765801
2021-03-09T06:00:00Z,121099.49254344859
2021-03-09T07:00:00Z,151767.83342830848
2021-03-09T08:00:00Z,170261.8398277849
2021-03-09T09:00:00Z,186595.7119928186
2021-03-09T10:00:00Z,211776.06038359698
2021-03-09T11:00:00Z,272737.693737049
2021-03-09T12:00:00Z,397621.01424637396
2021-03-09T13:00:00Z,744051.9019026591
2021-03-09T14:00:00Z,1095128.697544081
2021-03-09T15:00:00Z,1145669.407354605
2021-03-09T16:00:00Z,1082616.3727170941
2021-03-09T17:00:00Z,1017707.961145402
2021-03-09T18:00:00Z,1003064.2318395891
2021-03-09T19:00:00Z,904785.9796026959
2021-03-09T20:00:00Z,665950.721184056
2021-03-09T21:00:00Z,521589.59320428205
2021-03-09T22:00:00Z,480930.891363033
2021-03-09T23:00:00Z,532313.669287725
2021-03-10T00:00:00Z,697436.291593046
2021-03-10T01:00:00Z,594667.281201809
2021-03-10T02:00:00Z,326705.015351535
2021-03-10T03:00:00Z,177801.563962719
2021-03-10T04:00:00Z,138642.449565479
2021-03-10T05:00:00Z,115076.09472976699
2021-03-10T06:00:00Z,144753.232833195
2021-03-10T07:00:00Z,192477.020328835
2021-03-10T08:00:00Z,205299.929108556
2021-03-10T09:00:00Z,219141.99833019302
2021-03-10T10:00:00Z,226385.733343187
2021-03-10T11:00:00Z,290728.290705917
2021-03-10T12:00:00Z,414181.34705929103
2021-03-10T13:00:00Z,750124.082978903
2021-03-10T14:00:00Z,1085948.1350736308
2021-03-10T15:00:00Z,1126059.79073001
2021-03-10T16:00:00Z,1058491.9254091592
2021-03-10T17:00:00Z,986382.484929187
2021-03-10T18:00:00Z,947895.454271007
2021-03-10T19:00:00Z,848764.505393977
2021-03-10T20:00:00Z,654866.7787323861
2021-03-10T21:00:00Z,523515.73188629997
2021-03-10T22:00:00Z,510470.554730699
2021-03-10T23:00:00Z,584237.4113783521
2021-03-11T00:00:00Z,721964.6773253221
2021-03-11T01:00:00Z,597341.0542631961
2021-03-11T02:00:00Z,321834.675072697
2021-03-11T03:00:00Z,148385.98478639
2021-03-11T04:00:00Z,98840.454113784
2021-03-11T05:00:00Z,82739.165752876
2021-03-11T06:00:00Z,103255.45623000599
2021-03-11T07:00:00Z,140251.182444042
2021-03-11T08:00:00Z,160280.577871457
2021-03-11T09:00:00Z,176101.22000127603
2021-03-11T10:00:00Z,204243.603852372
2021-03-11T11:00:00Z,269425.353008012
2021-03-11T12:00:00Z,392001.567556838
2021-03-11T13:00:00Z,737721.483277244
2021-03-11T14:00:00Z,1099490.78554588
2021-03-11T15:00:00Z,1143781.828143609
2021-03-11T16:00:00Z,1079356.757848027
2021-03-11T17:00:00Z,1024597.770424475
2021-03-11T18:00:00Z,1012372.0036068391
2021-03-11T19:00:00Z,901115.7377046341
2021-03-11T20:00:00Z,662655.7297036999
2021-03-11T21:00:00Z,528078.140634966
2021-03-11T22:00:00Z,500873.336105156
2021-03-11T23:00:00Z,556101.6421303321
2021-03-12T00:00:00Z,682282.7914139361
2021-03-12T01:00:00Z,573872.541193041
2021-03-12T02:00:00Z,324548.242265611
2021-03-12T03:00:00Z,173805.467552379
2021-03-12T04:00:00Z,125139.92504506401
2021-03-12T05:00:00Z,97017.977077087
2021-03-12T06:00:00Z,107009.41465297
2021-03-12T07:00:00Z,139274.38797028802
2021-03-12T08:00:00Z,157121.44697682
2021-03-12T09:00:00Z,175369.393870078
2021-03-12T10:00:00Z,196000.547988074
2021-03-12T11:00:00Z,253005.91560412102
2021-03-12T12:00:00Z,359911.459670612
2021-03-12T13:00:00Z,664816.5085656829
2021-03-12T14:00:00Z,979628.821893627
2021-03-12T15:00:00Z,997592.876724145
2021-03-12T16:00:00Z,923569.820179287
2021-03-12T17:00:00Z,838068.802992747
2021-03-12T18:00:00Z,783076.654516218
2021-03-12T19:00:00Z,662053.412499535
2021-03-12T20:00:00Z,479581.29912652704
2021-03-12T21:00:00Z,361843.158694064
2021-03-12T22:00:00Z,304612.657021474
2021-03-12T23:00:00Z,286861.833593586
2021-03-13T00:00:00Z,317292.160164456
2021-03-13T01:00:00Z,296546.258505559
2021-03-13T02:00:00Z,210331.09216005102
2021-03-13T03:00:00Z,134658.72371868198
2021-03-13T04:00:00Z,95832.581366878
2021-03-13T05:00:00Z,72974.359520444
2021-03-13T06:00:00Z,63513.017804056
2021-03-13T07:00:00Z,61924.124350478
2021-03-13T08:00:00Z,66959.740454183
2021-03-13T09:00:00Z,80596.61075457401
2021-03-13T10:00:00Z,86799.035529526
2021-03-13T11:00:00Z,101413.42229634301
2021-03-13T12:00:00Z,154054.028142808
2021-03-13T13:00:00Z,236396.628467758
2021-03-13T14:00:00Z,359903.943010954
2021-03-13T15:00:00Z,470282.1132578
2021-03-13T16:00:00Z,445024.407589482
2021-03-13T17:00:00Z,330892.278436528
2021-03-13T18:00:00Z,270182.10023773
2021-03-13T19:00:00Z,259470.309138635
2021-03-13T20:00:00Z,247754.126175669
2021-03-13T21:00:00Z,242384.11038418103
2021-03-13T22:00:00Z,260501.09093100898
2021-03-13T23:00:00Z,240366.064764083
2021-03-14T00:00:00Z,217247.01976321102
2021-03-14T01:00:00Z,199261.72668116
2021-03-14T02:00:00Z,143138.940282162
2021-03-14T03:00:00Z,93314.639665431
2021-03-14T04:00:00Z,71746.830191878
2021-03-14T05:00:00Z,61361.129572424004
2021-03-14T06:00:00Z,57179.809687306
2021-03-14T07:00:00Z,53741.041164086
2021-03-14T08:00:00Z,55003.337814824
2021-03-14T09:00:00Z,60901.195273654004
2021-03-14T10:00:00Z,69693.393472871
2021-03-14T11:00:00Z,85204.18370149599
2021-03-14T12:00:00Z,137865.137228009
2021-03-14T13:00:00Z,249137.969026874
2021-03-14T14:00:00Z,417180.569479706
2021-03-14T15:00:00Z,445819.25581397
2021-03-14T16:00:00Z,327396.585723583
2021-03-14T17:00:00Z,251267.395052336
2021-03-14T18:00:00Z,226554.473463927
2021-03-14T19:00:00Z,207321.026148986
2021-03-14T20:00:00Z,201255.355923932
2021-03-14T21:00:00Z,193266.29860006602
2021-03-14T22:00:00Z,190453.548266616
2021-03-14T23:00:00Z,204785.690532356
2021-03-15T00:00:00Z,213458.336664802
2021-03-15T01:00:00Z,161638.030120965
2021-03-15T02:00:00Z,116220.854960055
2021-03-15T03:00:00Z,105091.064494601
2021-03-15T04:00:00Z,111999.75111348901
2021-03-15T05:00:00Z,99817.63167573401
2021-03-15T06:00:00Z,115728.54359233
2021-03-15T07:00:00Z,147921.858842952
2021-03-15T08:00:00Z,168551.907521968
2021-03-15T09:00:00Z,177199.98916598601
2021-03-15T10:00:00Z,207451.50491371
2021-03-15T11:00:00Z,302055.755547809
2021-03-15T12:00:00Z,584982.528833952
2021-03-15T13:00:00Z,946420.475916778
2021-03-15T14:00:00Z,1020780.515736387
2021-03-15T15:00:00Z,880452.881888381
2021-03-15T16:00:00Z,798640.812371383
2021-03-15T17:00:00Z,885177.66542101
2021-03-15T18:00:00Z,771814.01653256
2021-03-15T19:00:00Z,600552.3717178
2021-03-15T20:00:00Z,485122.710456494
2021-03-15T21:00:00Z,391058.375581629
2021-03-15T22:00:00Z,433921.139579301
2021-03-15T23:00:00Z,517986.638307926
