timestamp,sensor1,sensor2,sensor3,sensor4,sensor5,sensor6,sensor7,sensor8,sensor9,sensor10,sensor11,location,status
2018-01-03T16:00:00Z,0.8885,0.6459,-0.0016,-0.9061,0.1349,-0.4967,0.4335,2.0000,-2.7237,0.2734,,building1,active
2018-01-04T16:00:00Z,1.1756,-2.5364,-0.1524,-0.0804,-0.2209,0.4321,-0.6206,1.9920,-3.0462,-0.3083,,building2,active
2018-01-05T16:00:00Z,0.4132,-0.0290,0.2968,0.3098,-0.1143,-0.1990,0.7020,1.9840,-2.2769,-0.1828,,building1,active
2018-01-06T16:00:00Z,0.2385,0.0092,0.4114,0.4846,0.4818,0.2670,0.1959,1.9760,-2.2664,0.4710,,building1,active
2018-01-07T16:00:00Z,0.3327,0.4728,0.3623,0.1414,0.1824,-0.0412,0.2011,1.9679,-2.4895,-0.3409,,building1,active
2018-01-08T16:00:00Z,-0.7584,0.7420,-0.3594,1.6017,0.3518,0.3489,0.5281,1.9599,-2.8972,1.0455,,building1,active
2018-01-09T16:00:00Z,0.9290,0.1469,0.6473,0.7705,0.3025,0.3304,-0.1836,1.9519,-2.8278,-0.5412,,building1,passive
2018-01-10T16:00:00Z,-0.0391,0.0803,-0.5157,1.1318,0.3299,0.3326,-0.1975,1.9439,-2.7070,-0.2435,,building1,active
2018-01-11T16:00:00Z,0.3716,0.9775,0.2831,-0.3171,0.5870,-0.4509,1.1606,1.9359,-3.0657,0.2810,,building1,active
2018-01-12T16:00:00Z,0.5168,0.1948,0.1942,-0.4795,0.5981,-0.5221,0.4244,1.9279,-2.8437,0.8721,,building1,active
2018-01-13T16:00:00Z,-0.5121,0.0374,-0.0614,-0.8833,-0.0957,0.7665,-0.0920,1.9198,-3.5388,0.1747,,building1,active
2018-01-14T16:00:00Z,-0.1231,0.2225,-0.7992,-0.1696,-0.1222,0.3913,-0.3661,1.9118,-2.9833,,,building6,active
2018-01-15T16:00:00Z,0.3772,0.8821,-0.2902,0.6764,-0.3656,0.0702,1.3629,1.9038,-2.7804,0.7096,,building1,active
2018-01-16T16:00:00Z,-0.3399,0.3713,1.1779,-0.0285,-0.4277,1.2614,0.1577,1.8958,-3.0601,-0.0947,,building1,active
2018-01-17T16:00:00Z,1.0663,0.7562,0.5420,0.3802,-0.0975,0.6221,0.1908,1.8878,-3.0855,0.1418,0.6548,building2,active
2018-01-18T16:00:00Z,-1.6516,0.0444,0.9834,1.0265,1.3065,1.1475,-0.4713,1.8798,-2.3529,0.2568,0.0924,building1,active
2018-01-19T16:00:00Z,-0.1567,0.8736,0.9282,0.5781,0.6428,0.4710,-0.0851,1.8717,-2.8293,,,building6,active
2018-01-20T16:00:00Z,1.0555,0.4271,1.2660,0.8543,0.0834,0.3424,0.1111,1.8637,-3.1380,0.0963,,building2,active
2018-01-21T16:00:00Z,0.4075,0.1438,-0.2010,1.0952,1.2359,0.4086,1.1557,1.8557,-2.8838,1.0024,,building1,active
2018-01-22T16:00:00Z,0.9883,-0.0314,0.8678,0.4218,-0.6011,-0.1564,0.1822,1.8477,-3.1580,-0.3933,,building1,passive
2018-01-23T16:00:00Z,1.2661,-1.1311,-0.1054,0.1370,-0.4079,0.7800,0.4991,1.8397,-2.7318,-0.4626,,building2,active
2018-01-24T16:00:00Z,0.5297,0.4291,0.7036,0.3888,0.1304,0.4666,0.3779,1.8317,-2.5595,0.9421,,building1,active
2018-01-25T16:00:00Z,0.7129,0.6498,-0.0217,-0.3144,0.2957,0.5066,0.0678,1.8236,-2.4222,1.0736,,building1,active
2018-01-26T16:00:00Z,0.9620,-0.3734,0.9323,0.4651,0.1226,1.4538,0.4180,1.8156,-2.4348,0.6421,,building1,active
2018-01-27T16:00:00Z,1.2814,0.2919,-0.4541,1.5283,0.5789,1.2332,0.1503,1.8076,-2.7384,-0.0817,,building2,active
2018-01-28T16:00:00Z,0.4728,1.0824,0.2342,0.0614,0.1815,0.7828,0.9064,1.7996,-2.8133,0.8178,,building1,active
2018-01-29T16:00:00Z,0.5402,-0.3143,1.3498,0.0300,0.9356,0.6325,-0.0340,1.7916,-3.1619,0.0076,,building1,active
2018-01-30T16:00:00Z,0.4713,0.3008,0.5479,1.2910,0.8059,1.3930,0.0293,1.7836,-2.9420,0.4098,,building1,passive
2018-01-31T16:00:00Z,1.1299,1.1200,-0.5393,0.0611,0.1630,0.2718,0.3013,1.7756,-2.3296,100.1100,,building2,active
2018-02-01T16:00:00Z,0.4954,0.4134,0.7225,1.3331,1.0032,0.7459,0.4212,1.7675,-2.6237,-0.2531,,building1,passive
2018-02-02T16:00:00Z,1.2628,1.2324,-0.0646,1.4994,0.3349,0.0528,0.2229,1.7595,-2.7200,0.9574,,building2,active
2018-02-03T16:00:00Z,-0.2740,-0.2646,1.3190,0.7719,0.0077,1.3061,0.6190,1.7515,-2.4592,1.2914,,building3,passive
2018-02-04T16:00:00Z,0.0179,1.7046,1.0653,0.0619,0.1847,1.2772,0.6378,1.7435,-2.4375,0.5134,0.9494,building1,active
2018-02-05T16:00:00Z,0.8037,1.5665,0.4323,0.4823,0.6715,0.3983,0.2738,1.7355,-2.4856,0.9340,,building1,active
2018-02-06T16:00:00Z,1.0537,0.3671,-0.1201,0.9815,0.1832,0.2559,0.1333,1.7275,-2.2840,1.6301,,building2,active
2018-02-07T16:00:00Z,1.2545,0.2621,-0.4909,0.7307,0.9842,0.9741,1.5650,1.7194,-2.3167,1.1434,,building2,active
2018-02-08T16:00:00Z,0.9048,0.8583,1.2662,0.9549,0.9831,1.1846,1.3122,1.7114,-2.6325,0.8416,,building1,active
2018-02-09T16:00:00Z,0.3791,0.3401,0.6952,0.7884,0.4321,0.4761,0.8522,1.7034,-2.3535,1.7543,,building1,active
2018-02-10T16:00:00Z,1.2937,1.5361,1.7445,0.6730,-0.0191,-0.0919,0.2030,1.6954,-2.3978,0.9530,,building2,active
2018-02-11T16:00:00Z,-0.1400,1.0794,0.9921,1.1621,0.9582,0.8248,0.8081,1.6874,-2.2148,,,building6,passive
2018-02-12T16:00:00Z,1.6053,0.4449,0.1602,1.5983,0.5600,0.5297,1.5445,1.6794,-2.6047,0.4682,,building2,active
2018-02-13T16:00:00Z,1.0274,1.7026,-0.3468,0.8040,1.1075,0.4308,-0.0238,1.6713,-2.2607,0.8975,,building2,active
2018-02-14T16:00:00Z,0.9647,0.3216,0.8669,0.6431,0.2051,0.4026,0.2630,1.6633,-2.6993,0.5772,,building1,active
2018-02-15T16:00:00Z,0.7059,1.0754,0.3969,0.6399,0.5932,1.0555,0.6016,1.6553,-2.3953,0.4419,,building1,active
2018-02-16T16:00:00Z,0.2674,0.6491,1.2531,0.1174,1.3211,1.1645,1.1808,1.6473,-2.5374,0.7320,0.4667,building1,active
2018-02-17T16:00:00Z,0.8308,1.2922,0.4703,0.7362,0.7551,0.5345,0.7879,1.6393,-2.3362,1.1968,,building1,passive
2018-02-18T16:00:00Z,1.1053,0.6563,1.2532,1.0958,1.0429,0.1764,0.0345,1.6313,-2.0996,0.8633,,building2,active
2018-02-19T16:00:00Z,0.2703,1.3421,0.9389,1.0965,0.3521,0.4813,1.3878,1.6232,-2.3969,1.0958,,building1,active
2018-02-20T16:00:00Z,-0.2047,0.5857,0.5581,0.3715,1.4512,1.0963,-0.4542,1.6152,-2.8995,0.8808,,building3,active
2018-02-21T16:00:00Z,0.8931,0.8999,1.0763,0.5815,0.5978,0.5540,1.3234,1.6072,-2.9074,0.8197,,building1,active
2018-02-22T16:00:00Z,1.2146,1.0515,0.6062,0.4156,1.0328,1.4635,1.5904,1.5992,-2.1960,0.0997,,building2,active
2018-02-23T16:00:00Z,1.5301,1.4921,1.0173,0.4976,0.4313,0.8628,1.2352,1.5912,-3.3480,1.4408,,building2,active
2018-02-24T16:00:00Z,0.5120,0.9035,0.5159,0.5299,0.8420,1.2237,0.4750,1.5832,-2.5741,1.0952,,building1,active
2018-02-25T16:00:00Z,0.5081,0.3988,1.2200,0.5924,0.2885,0.8970,1.1235,1.5752,-2.1133,1.2193,,building1,active
2018-02-26T16:00:00Z,0.6237,1.7616,1.2009,0.9382,1.0329,1.1558,1.3510,1.5671,-2.1858,1.4474,,building1,active
2018-02-27T16:00:00Z,0.9156,1.2568,0.0349,0.9605,1.6353,0.1248,0.0400,1.5591,-1.6922,-0.2094,,building1,active
2018-02-28T16:00:00Z,0.8132,1.2355,1.1654,1.2731,0.6717,1.4543,-0.1905,1.5511,-2.2382,0.3748,,building1,passive
2018-03-01T16:00:00Z,0.2813,1.0416,1.0763,0.8777,1.9932,0.9783,1.5036,1.5431,-1.8788,1.2197,,building1,active
2018-03-02T16:00:00Z,0.8405,0.7296,0.2420,0.8725,-0.0513,1.2825,0.2434,1.5351,-2.5047,1.5588,,building1,active
2018-03-03T16:00:00Z,1.5088,1.9301,-0.0866,1.8665,1.3974,0.4218,0.9866,1.5271,-2.4234,0.8746,,building2,passive
2018-03-04T16:00:00Z,1.0052,1.0680,0.8769,1.2099,1.0231,1.3345,0.6660,1.5190,-2.2898,1.3497,,building2,active
2018-03-05T16:00:00Z,1.5614,1.3743,1.1397,1.2040,0.3190,1.3829,0.9542,1.5110,-1.9886,0.7124,,building2,active
2018-03-06T16:00:00Z,1.2548,0.9615,0.5245,1.5876,0.5040,0.5104,0.2725,1.5030,-2.4657,0.5106,,building2,passive
2018-03-07T16:00:00Z,1.5407,1.4122,0.8172,0.5289,1.0078,0.8724,0.7423,1.4950,-2.1970,0.4891,,building2,passive
2018-03-08T16:00:00Z,1.6939,1.2401,0.2840,1.7355,0.5035,0.9629,0.9959,1.4870,-1.8314,-0.5533,,building2,active
2018-03-09T16:00:00Z,1.2475,1.5603,1.1350,0.5368,1.2527,0.8033,0.8877,1.4790,-2.6216,1.0078,,building2,active
2018-03-10T16:00:00Z,2.0373,0.8669,0.9482,0.8646,0.6517,1.6910,1.3906,1.4709,-2.9417,0.8857,,building1,active
2018-03-11T16:00:00Z,0.1627,0.5816,1.5996,1.1554,0.9154,1.0757,1.8463,1.4629,-2.3061,1.2001,,building1,active
2018-03-12T16:00:00Z,1.0349,1.4803,1.5137,1.4322,0.9732,1.3529,0.7731,1.4549,-1.9055,1.2498,,building2,active
2018-03-13T16:00:00Z,0.6737,0.7286,0.9827,0.9961,0.7215,0.7936,1.1059,1.4469,-2.0492,1.1065,,building1,active
2018-03-14T16:00:00Z,1.4172,0.8357,1.4731,1.1312,1.9375,1.8102,0.9625,1.4389,-2.1029,0.7251,0.1104,building2,active
2018-03-15T16:00:00Z,1.3241,0.6549,1.3808,1.6469,-0.4912,1.1782,0.8385,1.4309,-1.8739,1.5576,,building2,active
2018-03-16T16:00:00Z,1.0915,0.9277,0.8592,1.2099,0.6036,1.0279,1.2571,1.4228,-1.8410,1.5180,,building2,active
2018-03-17T16:00:00Z,1.1816,1.3451,1.2563,1.3397,1.3447,1.0371,0.3301,1.4148,-1.0820,0.5990,,building2,passive
2018-03-18T16:00:00Z,1.2945,0.4206,0.5374,0.7317,0.8891,1.1323,1.7748,1.4068,-2.1412,0.1819,,building2,active
2018-03-19T16:00:00Z,1.2574,0.5069,0.7377,1.0256,1.6576,0.3448,1.1707,1.3988,-2.0332,1.2181,,building2,active
2018-03-20T16:00:00Z,1.4790,1.4547,1.4173,1.5220,0.4427,1.3372,0.0578,1.3908,-2.1046,0.5075,,building2,active
2018-03-21T16:00:00Z,1.9646,0.7005,0.9215,1.1685,1.4144,0.5073,0.9014,1.3828,-2.2249,0.8117,,building2,active
2018-03-22T16:00:00Z,0.9487,0.8010,1.5550,0.6727,2.1503,1.0300,1.1702,1.3747,-1.6379,1.0423,,building1,active
2018-03-23T16:00:00Z,0.7978,0.9846,1.2951,0.9098,1.2160,1.3372,0.4731,1.3667,-1.6720,1.0126,,building1,active
2018-03-24T16:00:00Z,2.0786,1.1729,0.1101,0.2238,1.4579,0.7002,2.0205,1.3587,-2.2425,0.4611,,building1,active
2018-03-25T16:00:00Z,1.2396,1.1115,0.5501,1.3953,1.2505,0.8974,0.5942,1.3507,-1.4277,1.3133,,building2,active
2018-03-26T16:00:00Z,0.8592,0.5657,0.4851,1.3918,1.1414,0.4727,0.3214,1.3427,-2.0307,0.5355,,building1,active
2018-03-27T16:00:00Z,1.2594,0.6399,0.7754,0.7784,1.7019,1.0754,1.2519,1.3347,-2.0411,-0.0194,,building2,active
2018-03-28T16:00:00Z,0.8330,0.9126,1.0306,1.7957,1.4722,1.5054,0.6204,1.3267,-1.8726,0.9117,,building1,active
2018-03-29T16:00:00Z,0.7433,0.9276,0.9225,1.1036,1.6479,1.3257,0.9993,1.3186,-2.6986,1.0904,,building1,active
2018-03-30T16:00:00Z,1.5875,1.2337,-0.2096,1.5379,1.0595,0.6965,1.0524,1.3106,-2.3985,0.8351,,building2,active
2018-03-31T16:00:00Z,2.0638,0.5611,1.1071,1.2737,0.9260,0.9619,1.3864,1.3026,-2.6700,0.9788,,building1,active
2018-04-01T16:00:00Z,-0.0716,1.2459,0.8933,0.5028,0.8318,0.7995,0.7709,1.2946,-1.5202,-0.1410,,building1,active
2018-04-02T16:00:00Z,0.5854,0.2297,1.0274,1.3360,0.7440,0.5744,1.3347,1.2866,-1.7787,0.3881,,building1,active
2018-04-03T16:00:00Z,1.1165,1.1301,0.8010,1.3503,1.7196,1.1181,0.5619,1.2786,-1.9416,0.6717,,building2,active
2018-04-04T16:00:00Z,2.6526,-0.1495,0.6959,0.9324,0.8122,1.5394,0.4913,1.2705,-1.5475,0.4444,,building1,active
2018-04-05T16:00:00Z,1.1204,0.2522,0.9565,1.5300,0.7492,0.8801,1.2075,1.2625,-2.3475,0.9891,,building2,active
2018-04-06T16:00:00Z,1.8867,0.9471,0.7165,0.9469,1.2219,0.4817,0.9066,1.2545,-2.3109,1.4558,,building2,active
2018-04-07T16:00:00Z,1.6978,0.8683,0.7637,0.1888,0.4305,1.1055,0.3953,1.2465,-1.6133,0.8569,,building2,active
2018-04-08T16:00:00Z,1.0180,1.5337,1.3048,0.2266,0.6433,1.1103,1.2008,1.2385,-1.8373,0.9119,,building2,active
2018-04-09T16:00:00Z,-0.1419,1.2829,0.5593,0.9214,0.6444,1.2330,1.5201,1.2305,-1.8118,,,building6,active
2018-04-10T16:00:00Z,0.7468,1.2587,0.3632,0.2091,1.2539,0.4938,1.0273,1.2224,-2.5654,-60.0000,,building1,active
2018-04-11T16:00:00Z,0.4236,1.0030,1.5298,1.1327,0.7530,0.9152,1.0352,1.2144,-2.0023,0.8177,,building1,active
2018-04-12T16:00:00Z,1.3570,0.8767,1.9544,1.7866,0.7785,0.3533,0.1732,1.2064,-1.4708,0.8974,,building2,active
2018-04-13T16:00:00Z,1.6759,0.2573,-0.0565,-0.1584,-0.3556,1.3845,1.3040,1.1984,-2.0676,0.2940,,building2,active
2018-04-14T16:00:00Z,0.5522,1.1932,1.1662,1.2080,1.4903,0.2857,1.0678,1.1904,-1.8471,1.5855,,building1,active
2018-04-15T16:00:00Z,0.4057,2.2117,0.4856,0.4000,1.4314,0.5339,1.2691,1.1824,-1.9908,0.2045,,building1,active
2018-04-16T16:00:00Z,1.1494,0.8940,0.6913,0.2640,0.4859,0.5053,0.0341,1.1743,-1.9754,1.5075,,building2,active
2018-04-17T16:00:00Z,-0.0211,1.5310,1.6523,0.9840,0.9009,0.8457,1.6537,1.1663,-1.7316,1.2884,,building1,active
2018-04-18T16:00:00Z,1.6432,0.4974,1.2735,0.6364,1.3536,1.1898,1.8869,1.1583,-1.8457,1.7047,,building2,active
2018-04-19T16:00:00Z,1.0534,0.1894,0.7057,0.9935,0.8606,0.3321,0.9857,1.1503,-1.4958,1.1115,,building2,active
2018-04-20T16:00:00Z,0.8720,1.6505,0.5581,1.2312,1.4435,1.4362,1.8689,1.1423,-1.5620,1.2169,0.5083,building1,active
2018-04-21T16:00:00Z,-0.4124,0.9504,1.2864,0.4636,-0.0310,0.0589,1.2817,1.1343,-1.8859,0.9690,,building1,active
2018-04-22T16:00:00Z,1.0193,1.3729,1.0009,0.4894,0.4887,0.8445,1.1010,1.1263,-1.8381,1.0283,,building2,active
2018-04-23T16:00:00Z,1.0958,0.8359,0.7229,0.5949,1.0698,0.9160,0.4015,1.1182,-1.9875,-0.0651,,building2,active
2018-04-24T16:00:00Z,-0.0856,1.5995,1.3806,0.5765,1.2489,0.8512,1.0760,1.1102,-1.9709,1.0578,,building1,active
2018-04-25T16:00:00Z,0.5333,0.5764,0.3177,0.3206,1.6293,0.7721,1.4942,1.1022,-1.6077,0.4682,,building1,active
2018-04-26T16:00:00Z,0.9991,-0.4093,1.6376,0.4323,1.1756,0.7443,0.4004,1.0942,-0.9486,0.6639,,building1,active
2018-04-27T16:00:00Z,0.3867,0.8610,1.6614,0.3802,0.6966,0.7980,0.5717,1.0862,-1.7032,0.9218,,building1,active
2018-04-28T16:00:00Z,0.1310,0.5984,0.8951,1.2229,0.7692,0.6518,1.3019,1.0782,-1.2944,0.2857,,building1,passive
2018-04-29T16:00:00Z,0.4103,0.9699,0.0978,1.1431,1.1753,0.3012,0.8918,1.0701,-1.3082,0.5691,,building1,active
2018-04-30T16:00:00Z,-0.0835,0.9674,0.6035,1.0082,0.9960,1.0673,0.1767,1.0621,-1.4637,0.3718,,building1,active
2018-05-01T16:00:00Z,1.1094,0.7719,0.6960,0.4047,0.6283,0.2495,1.5961,1.0541,-1.7470,0.1688,,building2,active
2018-05-02T16:00:00Z,1.0508,0.9362,0.8541,1.0572,0.7951,0.9958,0.1096,1.0461,-1.4967,0.1711,,building2,active
2018-05-03T16:00:00Z,0.1497,0.7491,0.4745,1.1385,0.4347,0.7253,0.7153,1.0381,-1.4415,1.0489,,building1,active
2018-05-04T16:00:00Z,0.8641,0.1952,0.6540,0.8176,-0.3750,1.0303,-0.1460,1.0301,-1.3561,-0.4192,,building1,passive
2018-05-05T16:00:00Z,0.7354,1.4175,1.4520,-0.0605,1.2334,0.1208,0.9356,1.0220,-1.6193,-0.6602,,building1,active
2018-05-06T16:00:00Z,0.5254,0.5723,-0.1406,0.3825,-0.2374,0.8740,0.9957,1.0140,-1.5776,0.0119,,building1,active
2018-05-07T16:00:00Z,0.3804,1.0812,0.4383,0.5238,-0.2336,-0.3041,-0.1144,1.0060,-1.0748,0.7323,,building1,active
2018-05-08T16:00:00Z,0.4178,0.0477,0.4772,0.9623,1.0225,0.2965,-0.4101,0.9980,-1.4341,-0.0865,,building1,active
2018-05-09T16:00:00Z,-0.0281,0.7860,-0.4002,1.0087,1.0734,1.0187,0.0180,0.9900,-1.6228,0.0162,,building1,active
2018-05-10T16:00:00Z,1.2852,1.0709,0.6185,0.3339,0.4816,1.3454,0.4869,0.9820,-1.3115,0.3839,0.2624,building2,active
2018-05-11T16:00:00Z,0.7365,1.0227,-0.1959,0.3514,0.8202,0.3176,0.2101,0.9739,-1.2166,0.8290,,building1,active
2018-05-12T16:00:00Z,0.7135,0.5918,0.7576,-0.2481,0.4641,0.2902,0.0447,0.9659,-1.5489,0.5832,,building1,active
2018-05-13T16:00:00Z,0.7877,-0.6622,0.3942,0.9568,0.8321,0.5967,0.8453,0.9579,-1.5149,0.2433,,building1,active
2018-05-14T16:00:00Z,0.5481,0.4349,-0.2898,0.4546,-0.1145,-0.1310,0.7178,0.9499,-0.7262,1.3701,,building1,passive
2018-05-15T16:00:00Z,0.1247,0.5301,1.7140,0.5061,0.2686,-0.5532,-0.7380,0.9419,-1.1821,0.3216,,building1,passive
2018-05-16T16:00:00Z,-0.0178,-0.6022,0.0902,0.5375,0.4590,0.6700,0.8684,0.9339,-1.8890,1.5939,,building1,active
2018-05-17T16:00:00Z,-0.1541,0.5691,0.0890,-0.8212,0.5319,0.0352,0.5322,0.9259,-1.4057,,,building6,passive
2018-05-18T16:00:00Z,0.6668,0.4381,-0.3482,1.1733,-0.1610,-0.3711,1.1288,0.9178,-1.7917,-0.1821,,building1,active
2018-05-19T16:00:00Z,0.5511,-0.3770,-0.2419,-0.3627,0.6125,0.2499,-0.3392,0.9098,-1.4028,-0.1346,,building1,active
2018-05-20T16:00:00Z,0.7996,-0.3794,-0.2632,-0.3250,0.9006,0.3819,0.0670,0.9018,-1.4377,-0.2634,,building1,passive
2018-05-21T16:00:00Z,1.5514,-0.3427,0.7775,0.4910,0.3288,-0.2681,-0.1674,0.8938,-0.5517,-0.1121,,building2,active
2018-05-22T16:00:00Z,-0.4167,0.6539,0.5396,0.3611,0.4133,-0.3902,0.4672,0.8858,-1.4059,-0.3982,,building1,active
2018-05-23T16:00:00Z,-0.0141,0.2092,0.2672,0.2576,0.1370,0.5795,-0.3249,0.8778,-1.2859,0.8158,,building1,active
2018-05-24T16:00:00Z,-0.4117,-0.7944,0.3670,0.1123,0.0702,0.6402,0.5780,0.8697,-1.2861,0.0607,,building1,passive
2018-05-25T16:00:00Z,0.4374,-0.6623,0.2805,-0.2146,0.1622,-0.3386,-0.2518,0.8617,-1.0349,-60.0000,,building1,active
2018-05-26T16:00:00Z,-0.6521,0.6353,0.1617,0.0553,-0.2654,0.6778,0.3356,0.8537,-0.7977,0.3921,,building1,active
2018-05-27T16:00:00Z,0.5385,0.6587,0.3594,0.3650,-0.2161,0.0278,-0.1205,0.8457,-1.0128,0.1374,,building1,active
2018-05-28T16:00:00Z,0.8288,-0.1488,0.7475,-0.0492,-0.1142,0.7274,-0.3626,0.8377,-1.3265,0.5768,,building1,active
2018-05-29T16:00:00Z,-0.2662,0.1513,1.0000,0.2455,0.1463,0.4397,-0.8957,0.8297,-1.2938,0.1170,,building3,active
2018-05-30T16:00:00Z,0.1590,0.0226,0.2604,-0.6341,-0.1025,0.4642,-0.1605,0.8216,-1.2604,0.4714,,building1,active
2018-05-31T16:00:00Z,-0.6801,0.2006,0.9786,0.7554,0.1757,0.1598,-0.1185,0.8136,-1.5116,0.7210,,building1,active
2018-06-01T16:00:00Z,-0.1865,-0.1251,-0.1133,0.5240,0.0981,-0.6948,0.2012,0.8056,-1.2992,,0.2381,building6,active
2018-06-02T16:00:00Z,0.9193,-0.3545,0.2548,-0.0592,-0.0951,0.2362,-0.8772,0.7976,-0.7854,-0.4304,,building1,active
2018-06-03T16:00:00Z,-0.7709,-0.1027,-0.6031,0.4859,0.2340,0.5418,0.2643,0.7896,-1.3883,0.3736,,building1,passive
2018-06-04T16:00:00Z,-0.0583,-0.0386,-0.5847,0.0895,-0.0326,0.0261,0.5231,0.7816,-1.1254,-0.0073,0.3180,building1,active
2018-06-05T16:00:00Z,0.0346,-0.1959,-0.1593,0.7537,0.3011,-0.2157,0.4282,0.7735,-1.2559,-0.3669,,building1,active
2018-06-06T16:00:00Z,0.5189,-0.1356,-0.2325,0.3066,0.0807,1.0361,0.2481,0.7655,-1.5337,-0.2711,0.5342,building1,active
2018-06-07T16:00:00Z,-0.6936,-0.2579,-0.8630,-0.4504,0.1080,-0.1091,-0.2626,0.7575,-0.4466,-0.4375,,building1,active
2018-06-08T16:00:00Z,0.6657,-0.0091,-0.4581,-0.9220,0.4507,-0.3268,-1.2730,0.7495,-1.4261,0.1484,,building1,active
2018-06-09T16:00:00Z,-0.0633,0.0297,0.6990,-0.3685,0.9082,0.0369,-0.1146,0.7415,-1.1860,-0.0346,,building1,active
2018-06-10T16:00:00Z,-0.9187,0.1500,-1.1252,0.0629,0.5871,-0.5418,0.2547,0.7335,-0.7373,-0.0834,,building1,passive
2018-06-11T16:00:00Z,-1.1106,0.3713,-0.1643,-0.1339,-0.5972,-0.0138,-0.0323,0.7255,-1.1244,-0.3085,,building1,active
2018-06-12T16:00:00Z,-1.4091,-0.8360,-0.6418,0.1755,0.3157,-0.7183,-0.1392,0.7174,-0.8544,0.1708,,building1,active
2018-06-13T16:00:00Z,-0.0858,0.3269,-0.3589,-0.7393,0.4716,-0.2067,-0.7885,0.7094,-0.8653,0.3198,,building1,active
2018-06-14T16:00:00Z,0.1135,-0.2185,-0.1190,0.2844,-0.2575,0.3718,0.2454,0.7014,-1.6108,-0.2560,,building1,active
2018-06-15T16:00:00Z,-0.3150,0.6870,1.0508,0.0352,-0.4926,0.2269,0.5130,0.6934,-1.6869,-0.8459,,building1,active
2018-06-16T16:00:00Z,0.3132,-0.9304,-0.2967,0.3358,-0.6936,-0.6068,0.4705,0.6854,-1.1077,-0.2878,,building1,active
2018-06-17T16:00:00Z,0.7505,-0.6678,-0.8888,-0.4319,-0.9190,-0.5049,-0.5548,0.6774,-0.7303,0.1392,,building1,active
2018-06-18T16:00:00Z,-0.9923,-0.4468,0.1795,-0.7849,0.4442,-0.1968,0.2355,0.6693,-1.2659,-0.9162,,building1,active
2018-06-19T16:00:00Z,-0.2995,0.1634,-0.4369,-1.7673,-1.2947,-0.2563,-0.5807,0.6613,-0.9177,-0.2523,,building3,active
2018-06-20T16:00:00Z,-0.1314,0.3059,-0.0277,-0.7981,-0.0986,-0.7983,-0.5189,0.6533,-1.1140,,,building6,active
2018-06-21T16:00:00Z,-0.1432,-0.5919,-0.3146,-0.2958,-0.3217,-0.5479,-0.6065,0.6453,-1.1499,,,building6,active
2018-06-22T16:00:00Z,-0.1541,-0.4547,-0.2412,-1.3082,0.3781,-0.5859,-0.7959,0.6373,-1.2617,,,building6,active
2018-06-23T16:00:00Z,0.3634,0.3212,-0.4852,0.3221,0.3567,-0.6610,-0.0568,0.6293,-0.8753,-0.4145,,building1,active
2018-06-24T16:00:00Z,-0.8522,-0.2445,-0.8420,-0.8478,-0.0962,-0.5464,0.4199,0.6212,-1.0033,-1.2844,,building1,active
2018-06-25T16:00:00Z,0.2270,0.5573,-0.7333,-0.8278,-0.3065,-0.4955,-0.9780,0.6132,-1.2377,-0.6327,,building1,active
2018-06-26T16:00:00Z,-0.7738,-1.1847,0.0567,-0.4988,-0.7267,-0.8448,-1.2218,0.6052,-1.6683,-0.3930,,building1,active
2018-06-27T16:00:00Z,-1.3113,0.1911,-1.0830,-0.5931,-1.7290,-1.0331,-0.5973,0.5972,-0.4229,0.0984,,building1,active
2018-06-28T16:00:00Z,-0.6091,-0.1139,-0.9691,-1.1507,-0.3668,-0.5965,-0.3237,0.5892,-0.1040,-1.1050,,building1,passive
2018-06-29T16:00:00Z,-0.7041,0.2970,-0.8255,-0.4586,-0.5657,0.1000,-0.7410,0.5812,-1.2347,-1.3170,,building1,active
2018-06-30T16:00:00Z,-0.4809,0.2571,-0.1538,-1.2279,-1.0219,-0.8451,-0.6667,0.5731,-0.6501,-1.2807,,building1,active
2018-07-01T16:00:00Z,-0.8960,0.2948,0.0568,-1.1933,-0.9787,-0.8040,0.4910,0.5651,-0.4997,-0.0719,,building1,active
2018-07-02T16:00:00Z,-1.5938,-0.4698,-0.7674,-0.0099,-0.4224,-1.0507,-0.7296,0.5571,-0.7785,-0.2758,,building1,active
2018-07-03T16:00:00Z,-0.4453,-0.3270,-0.2579,-0.7607,-0.8039,-0.7809,-0.8780,0.5491,-0.7256,-0.5183,,building1,active
2018-07-04T16:00:00Z,-1.0972,-0.9920,-0.1870,-0.0889,-0.4799,-0.4068,-0.6719,0.5411,-1.3149,-0.4745,,building1,active
2018-07-05T16:00:00Z,-0.4950,-1.0976,-0.8505,-1.8389,-0.8309,-0.7393,-0.7887,0.5331,-0.3279,-1.1326,,building1,passive
2018-07-06T16:00:00Z,-1.0705,-0.6175,-0.3529,-0.6849,-1.3954,-0.4118,-1.4943,0.5251,-0.7784,-1.2078,,building1,active
2018-07-07T16:00:00Z,-0.3624,-1.2048,-0.0366,-0.5746,-0.1749,0.0225,-0.4076,0.5170,-0.5464,-0.5563,,building1,active
2018-07-08T16:00:00Z,-1.5726,-0.3696,-1.0488,-1.0245,-0.9908,-0.5045,-0.4389,0.5090,-0.4330,-1.0101,,building1,active
2018-07-09T16:00:00Z,-0.8893,-1.8701,-1.0752,-0.6493,-0.9079,-0.2211,0.2628,0.5010,-0.9944,-1.0691,,building1,active
2018-07-10T16:00:00Z,-1.4059,-0.7642,-0.6345,-0.5269,-1.3690,0.0165,-1.1916,0.4930,-0.4396,0.2324,,building1,active
2018-07-11T16:00:00Z,-0.4708,-1.3440,-0.5874,-0.1088,-0.7267,-0.8615,-0.6485,0.4850,-0.6399,0.4875,,building1,active
2018-07-12T16:00:00Z,-1.6184,0.0397,-0.1751,-0.9376,-1.5284,-1.2526,-0.9298,0.4770,-0.4826,-1.6701,,building1,passive
2018-07-13T16:00:00Z,-0.3555,-0.3829,-1.3414,-0.6930,-0.9549,-0.0544,-0.4447,0.4689,-0.2439,-60.0000,,building1,active
2018-07-14T16:00:00Z,-0.4250,-0.1523,0.6126,-0.6631,-1.3378,-0.2468,-0.5188,0.4609,-0.4209,-1.2085,0.7319,building1,active
2018-07-15T16:00:00Z,-1.1171,-0.6762,-0.8906,-0.6331,-0.9619,-0.3527,-2.1858,0.4529,-0.4135,-1.1450,,building1,active
2018-07-16T16:00:00Z,-0.0572,-1.3704,-0.9544,-0.2235,-0.3334,-0.1279,-1.3570,0.4449,-0.3872,-0.4753,,building1,passive
2018-07-17T16:00:00Z,-0.7238,-1.3019,-1.4844,-1.0025,-0.9039,-1.5206,-0.6648,0.4369,-0.8990,-1.0663,,building1,active
2018-07-18T16:00:00Z,-0.7069,-0.8475,-1.3262,-1.6660,-1.1374,-1.4633,-0.8439,0.4289,-0.6424,-0.4655,,building1,active
2018-07-19T16:00:00Z,-0.6887,-1.5627,-1.1761,-0.1593,-1.0610,-0.5571,-0.8028,0.4208,-0.6355,-1.3616,,building1,passive
2018-07-20T16:00:00Z,0.3772,-0.8343,-0.5926,-0.9203,-0.8795,-1.4759,-0.5736,0.4128,-0.8336,-1.2987,,building1,active
2018-07-21T16:00:00Z,-1.5052,-0.8112,-0.7900,-0.0745,-0.9789,-0.0664,-0.2655,0.4048,-0.2872,-0.7056,,building1,active
2018-07-22T16:00:00Z,-0.6289,-1.3361,-1.1000,-0.2459,-1.1088,-0.4044,-1.6350,0.3968,-0.3979,-0.5210,,building1,active
2018-07-23T16:00:00Z,-0.6690,-0.4902,-0.8986,-1.2221,-0.9865,-0.2129,-0.8530,0.3888,-0.6828,-0.9213,,building1,active
2018-07-24T16:00:00Z,-0.5267,-0.8726,-0.1630,-0.8689,-0.8232,-1.6153,-0.4221,0.3808,-0.5556,-1.2383,,building1,active
2018-07-25T16:00:00Z,-1.0333,-1.1713,-0.1755,-0.1763,-0.4742,-1.0546,-0.2809,0.3727,-1.3426,-0.6927,,building1,active
2018-07-26T16:00:00Z,-0.7697,-0.7177,-0.9747,-0.8237,-0.0109,-0.3745,-0.3608,0.3647,-0.4041,-0.9969,0.8167,building1,active
2018-07-27T16:00:00Z,0.0677,-0.9808,-1.3424,-0.6309,-0.9443,-1.0219,-0.3371,0.3567,-0.3633,-0.9226,,building1,active
2018-07-28T16:00:00Z,-1.2377,-0.9263,-1.1779,-0.6877,-1.5413,-0.9768,-1.3096,0.3487,-0.2405,-0.3485,,building1,active
2018-07-29T16:00:00Z,-1.0281,-1.0986,-0.3695,-0.1768,-0.5771,-1.5486,-1.2600,0.3407,-0.5729,-0.5636,,building1,active
2018-07-30T16:00:00Z,-0.7077,-0.4644,-0.7264,-0.0635,-0.9393,-1.3304,-1.0684,0.3327,-0.7317,-0.5865,,building1,passive
2018-07-31T16:00:00Z,-1.1815,-1.0707,-0.8775,-1.5786,-0.4951,-0.5890,-1.0482,0.3246,-1.0004,-2.1751,,building1,active
2018-08-01T16:00:00Z,-1.5564,-1.5942,-0.9369,-0.4223,-1.4063,-0.7175,-1.2528,0.3166,-0.1885,-0.5635,,building1,active
2018-08-02T16:00:00Z,-1.5619,-0.7225,-0.9742,-1.1275,-1.9245,-1.1300,-1.1219,0.3086,-0.3435,-0.8443,,building1,active
2018-08-03T16:00:00Z,-1.1525,-1.5025,-0.8933,-0.2967,-0.8128,-0.8023,-0.8794,0.3006,-0.2332,-0.6631,,building1,active
2018-08-04T16:00:00Z,-1.5559,-1.9126,-1.3440,-1.0235,-0.5730,-0.7703,-0.6802,0.2926,-0.5533,-1.0983,,building1,active
2018-08-05T16:00:00Z,-1.2096,-1.1696,-0.2961,-0.8798,-0.4212,-1.0218,-0.3217,0.2846,-0.3430,-1.2207,,building1,active
2018-08-06T16:00:00Z,-0.8299,-0.2145,0.0148,-0.5795,-0.1494,-1.0873,-1.0713,0.2766,-0.4336,-1.9997,0.6126,building1,active
2018-08-07T16:00:00Z,-2.1912,-1.4073,-0.6699,-1.1798,-1.0914,-1.6952,-2.0154,0.2685,-0.0841,-0.9258,,building1,active
2018-08-08T16:00:00Z,-2.6375,-0.3753,-0.6533,-2.0756,-1.2657,-1.9605,-1.6556,0.2605,-0.5254,-0.6458,,building1,active
2018-08-09T16:00:00Z,-1.3852,-0.7439,-0.4926,-1.7601,0.1914,-1.0329,-1.9753,0.2525,-0.2100,-1.2416,,building1,active
2018-08-10T16:00:00Z,-0.6434,-1.0289,-1.5357,-0.6646,-0.5562,-0.6380,-0.3036,0.2445,-0.8912,-0.0863,,building1,active
2018-08-11T16:00:00Z,-1.1828,-0.6398,-2.0064,-1.2446,-1.2381,-1.7361,-1.6298,0.2365,-0.6619,-2.2746,,building1,active
2018-08-12T16:00:00Z,-2.0373,-0.7514,-1.4786,-0.4724,-1.5848,-1.8255,-0.1123,0.2285,-0.0429,-1.1700,,building1,active
2018-08-13T16:00:00Z,-0.5348,-1.2200,0.1280,-1.0069,-1.1180,-1.3237,-1.6152,0.2204,-0.1036,-0.9959,,building1,active
2018-08-14T16:00:00Z,-0.8275,-1.5532,-1.5365,-1.2698,-1.0852,-1.4392,-0.5025,0.2124,-0.0617,-1.6686,,building1,active
2018-08-15T16:00:00Z,-1.3259,-0.8649,-0.1954,-1.7896,-1.4670,-0.3167,-1.3947,0.2044,-0.0210,-0.7674,,building1,active
2018-08-16T16:00:00Z,0.1304,-0.0229,-1.1810,-1.8251,-0.5026,-1.4467,-0.1857,0.1964,-0.1638,-1.2721,,building1,active
2018-08-17T16:00:00Z,-1.4123,-0.7138,-0.2261,-1.2551,-0.3865,-0.2355,-1.3717,0.1884,-0.5384,0.3348,,building1,active
2018-08-18T16:00:00Z,-1.4465,-0.8400,-0.6178,-0.8456,-0.2780,-0.0410,-1.3031,0.1804,-0.5589,-1.0341,,building1,active
2018-08-19T16:00:00Z,-0.9897,-1.0182,-0.7542,-0.0197,-1.6540,-0.2310,-1.1104,0.1723,-0.2765,-1.1938,,building1,passive
2018-08-20T16:00:00Z,-0.4943,-0.3353,-0.0536,-1.1293,-1.1589,-0.1649,-1.0461,0.1643,-0.0006,-1.3833,0.3490,building1,active
2018-08-21T16:00:00Z,-0.9565,-1.0191,-0.7082,-0.4082,-0.8702,-1.7386,-1.2071,0.1563,-0.5210,-1.5903,,building1,active
2018-08-22T16:00:00Z,-1.9613,-0.9730,-0.0624,-0.3181,-1.1946,-1.7732,-1.0359,0.1483,-0.1719,-1.3174,,building1,active
2018-08-23T16:00:00Z,-0.7306,-0.8786,-1.1863,-1.0698,-0.9337,-1.4226,-0.9413,0.1403,0.1242,-1.2138,,building1,passive
2018-08-24T16:00:00Z,-0.2362,-0.6161,-0.3858,-1.9275,-1.6855,-1.5317,-1.6669,0.1323,-0.4884,-1.1304,,building3,active
2018-08-25T16:00:00Z,-1.1600,-1.5012,-1.3269,-0.7437,-1.6821,-0.9537,-1.5154,0.1242,-0.6943,-1.4972,,building1,active
2018-08-26T16:00:00Z,-1.5075,-0.6905,0.5481,-2.0080,-0.6434,-1.0394,-1.7017,0.1162,-0.3034,-0.4383,,building1,active
2018-08-27T16:00:00Z,-0.3964,-1.2638,-0.3806,-0.6904,-1.3095,-0.9755,-0.7229,0.1082,0.2974,-0.7030,,building1,active
2018-08-28T16:00:00Z,-2.2017,-0.5966,-1.4931,-0.6595,-1.5792,-0.7469,-0.4725,0.1002,-0.2067,-0.9369,,building1,active
2018-08-29T16:00:00Z,-0.1294,-1.0561,-1.1444,-0.1298,-0.4676,-1.7193,-0.9814,0.0922,-0.0289,,,building6,active
2018-08-30T16:00:00Z,-0.6268,-0.9342,0.0614,-0.4744,-0.4392,-1.2698,-0.4084,0.0842,0.0443,-1.1372,,building1,active
2018-08-31T16:00:00Z,-1.2531,-0.8858,-1.7535,-0.7627,-1.1439,-0.6500,-1.3984,0.0762,0.0318,-0.9624,,building1,active
2018-09-01T16:00:00Z,-0.4777,-1.1366,-0.7814,-1.1056,-0.8868,-0.4452,-0.9535,0.0681,-0.6148,-1.4214,,building1,active
2018-09-02T16:00:00Z,-1.4189,-1.8698,-1.2741,-0.6138,0.2959,-0.4522,-0.1848,0.0601,-0.2587,-0.6037,0.8443,building1,active
2018-09-03T16:00:00Z,-0.8769,-0.6913,-1.0640,-0.6975,-1.2811,-0.5667,-0.3621,0.0521,0.1317,0.2394,,building1,active
2018-09-04T16:00:00Z,-0.4711,-0.2575,-0.7443,-1.1313,-0.9501,-0.1072,-0.1342,0.0441,0.4936,-0.3949,,building1,active
2018-09-05T16:00:00Z,-0.7605,-1.6845,-2.1429,-0.4965,-0.8520,-0.1537,-0.4816,0.0361,-0.2485,-1.1684,,building1,active
2018-09-06T16:00:00Z,-1.7739,-0.6677,-1.5472,-1.0223,-1.1611,-1.3677,-0.9559,0.0281,0.1008,-1.1750,,building1,active
2018-09-07T16:00:00Z,-0.7050,-1.4058,0.0380,-1.3678,-0.7148,-0.9492,-0.4422,0.0200,-0.9462,-0.8219,,building1,active
2018-09-08T16:00:00Z,-0.3266,-0.5340,-1.6598,-1.4498,-1.3886,-1.1888,-1.9950,0.0120,0.2243,-0.2991,,building1,active
2018-09-09T16:00:00Z,-1.2279,-0.1369,-0.3049,-1.0782,-1.1616,-1.7130,-0.5301,0.0040,-0.1716,-1.2569,,building1,active
2018-09-10T16:00:00Z,-1.2263,-0.8365,-0.9717,-1.2885,-0.7140,-1.3117,-0.5301,-0.0040,0.0433,-0.9167,,building1,active
2018-09-11T16:00:00Z,-1.1721,-1.1488,-0.5979,-1.3357,-1.9807,-1.2269,-1.5180,-0.0120,-0.3944,-0.8797,,building1,active
2018-09-12T16:00:00Z,-1.2088,-0.2555,-1.0067,0.0526,-0.5892,-1.2323,-0.8926,-0.0200,0.8199,-0.7754,,building1,active
2018-09-13T16:00:00Z,-1.2997,-0.7798,-1.0628,-0.5147,-0.9249,-0.5178,-1.2496,-0.0281,0.3496,-0.8822,,building1,active
2018-09-14T16:00:00Z,-0.7645,-1.0834,-0.6913,-0.6811,-1.5783,-0.3093,-0.6976,-0.0361,0.0885,-1.3606,,building1,active
2018-09-15T16:00:00Z,-0.7378,-1.2842,-1.0969,-0.1633,-1.1679,0.1419,-0.5144,-0.0441,0.0166,-0.5550,,building1,passive
2018-09-16T16:00:00Z,-0.2970,-0.7659,-0.0762,-0.1799,-1.3782,-0.1026,-0.4634,-0.0521,0.1343,-0.0745,,building3,active
2018-09-17T16:00:00Z,-1.2673,-1.4601,-0.2841,-0.6828,-0.5210,-0.3815,-0.5539,-0.0601,0.1962,-1.5261,,building1,active
2018-09-18T16:00:00Z,-0.0645,-0.7732,-0.7178,-0.9026,-0.4912,-0.1002,-1.9628,-0.0681,0.1689,-0.2027,,building1,active
2018-09-19T16:00:00Z,-0.7711,-0.3591,-1.2729,-0.2742,-0.3717,-1.3040,-0.4847,-0.0762,0.1742,-1.1713,,building1,active
2018-09-20T16:00:00Z,-0.9466,-0.8693,-0.7925,-1.6664,-0.6918,-1.0052,-0.3451,-0.0842,0.7394,-0.4428,,building1,active
2018-09-21T16:00:00Z,-0.6071,-0.3855,-0.5749,-0.1593,-0.5819,-0.6059,-0.5227,-0.0922,0.6207,-0.3009,,building1,active
2018-09-22T16:00:00Z,-0.6246,-0.5970,-0.4737,-1.0578,-0.1155,-1.2470,-0.4915,-0.1002,-0.2379,-0.3114,,building1,active
2018-09-23T16:00:00Z,-0.0481,-0.2423,-0.3627,-0.7175,-1.1675,-0.2333,-0.4749,-0.1082,0.3330,-0.0002,,building1,active
2018-09-24T16:00:00Z,-0.7255,-1.2407,-0.9004,-1.5112,-0.1323,-0.9783,-0.7805,-0.1162,-0.0028,-0.3607,,building1,active
2018-09-25T16:00:00Z,-1.3473,-0.8051,-0.0842,-1.1599,-0.8405,-0.2097,-1.1198,-0.1242,0.5382,-0.4787,,building1,active
2018-09-26T16:00:00Z,-0.6599,-0.9222,0.1333,-1.0856,-0.3444,-0.7859,-0.5260,-0.1323,-0.1116,-0.0539,,building1,active
2018-09-27T16:00:00Z,-0.7876,-0.4043,0.1890,-0.7640,-1.0450,-0.1428,-0.6738,-0.1403,-0.4491,-0.4794,,building1,active
2018-09-28T16:00:00Z,-0.1142,-1.4947,-0.5320,-1.0041,-1.2483,-0.7702,-0.5142,-0.1483,-0.2506,,,building6,passive
2018-09-29T16:00:00Z,-1.1464,-0.3560,-0.7645,-0.3353,-0.3761,-0.4859,-0.6191,-0.1563,0.3010,-0.3194,,building1,active
2018-09-30T16:00:00Z,-0.2728,-0.9180,-0.8576,-0.9480,-0.7722,-0.4197,-1.3912,-0.1643,-0.3814,-1.2511,,building3,active
2018-10-01T16:00:00Z,-0.2340,-0.3466,-0.4540,0.2103,-0.7614,-0.1220,-0.6162,-0.1723,0.3239,-1.1281,,building3,active
2018-10-02T16:00:00Z,-0.6175,-0.4740,-0.5612,0.1522,-0.4681,-0.0169,-0.3772,-0.1804,0.0539,-0.6964,,building1,active
2018-10-03T16:00:00Z,-0.5283,-1.0580,-0.0358,-1.1573,-0.0656,-0.6440,-0.3154,-0.1884,-0.0060,0.0719,,building1,passive
2018-10-04T16:00:00Z,0.0211,-0.4332,-0.1630,-0.8204,-1.4042,-0.3819,-0.3102,-0.1964,1.1762,0.0783,,building1,active
2018-10-05T16:00:00Z,-0.8777,-0.7064,-0.9937,0.2989,-0.6008,-0.2809,-0.1215,-0.2044,0.2264,-1.3425,,building1,active
2018-10-06T16:00:00Z,-0.4986,-0.8112,-0.8042,-0.5535,-1.5179,-0.3358,0.3699,-0.2124,0.0179,0.5825,,building1,active
2018-10-07T16:00:00Z,-0.7548,-0.7844,-0.8815,-0.6108,0.6608,-0.3368,-1.4629,-0.2204,0.2714,-0.3587,,building1,active
2018-10-08T16:00:00Z,-0.6324,-1.0182,-0.0661,-0.3334,-0.7579,-0.4965,-1.3866,-0.2285,0.3383,-0.4306,,building1,active
2018-10-09T16:00:00Z,-0.6129,-0.8197,-0.3702,-1.3630,-0.4203,-0.7189,-0.2594,-0.2365,0.3317,0.1311,,building1,passive
2018-10-10T16:00:00Z,-0.0706,-0.6158,-0.2960,0.0276,0.3050,-0.2621,-0.1209,-0.2445,0.5127,-0.0049,,building1,active
2018-10-11T16:00:00Z,0.2942,-0.5519,-0.3788,-0.1060,-0.8594,-0.5673,-0.0385,-0.2525,0.7675,0.6317,,building1,active
2018-10-12T16:00:00Z,-0.9647,-0.6606,0.3491,-0.2648,0.3447,-0.1755,0.2260,-0.2605,0.2895,-0.5346,,building1,active
2018-10-13T16:00:00Z,-0.5784,-0.2197,-1.3683,-0.6648,-0.2653,0.6406,0.2336,-0.2685,0.3646,0.2230,,building1,passive
2018-10-14T16:00:00Z,-0.7537,-0.2579,-0.0073,-0.9174,-0.2707,-0.0037,-0.3478,-0.2766,0.8109,-0.2749,,building1,active
2018-10-15T16:00:00Z,-0.4895,0.1977,0.6353,-0.7581,-0.0391,0.3579,-0.3521,-0.2846,0.7304,-0.1622,,building1,active
2018-10-16T16:00:00Z,0.4764,-0.4637,0.3504,0.3278,-0.6352,0.5614,-0.6410,-0.2926,0.2853,-1.4507,,building1,active
2018-10-17T16:00:00Z,-0.5944,0.2487,0.8190,-0.1003,0.5464,-0.5056,-0.4205,-0.3006,0.7587,0.2393,,building1,passive
2018-10-18T16:00:00Z,-0.6999,-0.9714,0.0866,0.3671,-0.5962,0.0502,0.3173,-0.3086,0.1715,0.5845,,building1,active
2018-10-19T16:00:00Z,-0.0507,0.2480,-0.4460,0.6734,-0.4448,-0.1639,0.2738,-0.3166,0.3853,0.3434,,building1,active
2018-10-20T16:00:00Z,-0.1715,-0.5478,0.2001,-0.1546,0.5784,0.4895,-0.0575,-0.3246,0.3950,,,building6,active
2018-10-21T16:00:00Z,-0.3115,-0.3448,0.5848,-0.7756,-0.9029,0.5172,0.4908,-0.3327,-0.3571,0.4515,,building1,active
2018-10-22T16:00:00Z,-0.6691,-0.3953,-0.3225,-0.3094,-0.3116,-0.1710,0.8831,-0.3407,0.7198,-1.1993,0.8649,building1,active
2018-10-23T16:00:00Z,-0.3070,-0.3709,0.0295,0.4907,0.2754,-0.1217,0.3149,-0.3487,0.1187,-0.1554,,building1,active
2018-10-24T16:00:00Z,0.6814,-0.1131,-0.3861,-0.1657,-1.1426,-0.7138,0.0041,-0.3567,0.1451,0.8023,,building1,active
2018-10-25T16:00:00Z,-0.4543,0.0410,-0.3207,-0.0037,-0.4646,-0.5797,-0.3426,-0.3647,0.4248,0.5894,,building1,active
2018-10-26T16:00:00Z,0.3245,-0.4318,-0.2844,-0.2672,-0.0708,-0.3670,-0.0781,-0.3727,0.2106,-0.0659,,building1,active
2018-10-27T16:00:00Z,-0.5345,-0.1578,-0.3183,-0.7685,-0.1129,-0.3286,0.2832,-0.3808,0.7320,0.5405,,building1,active
2018-10-28T16:00:00Z,0.1410,-0.1774,0.3279,0.3766,-0.4564,0.2088,-0.4236,-0.3888,0.6883,-0.6475,,building1,active
2018-10-29T16:00:00Z,0.3116,0.3919,-0.6615,0.1404,0.8967,-0.1563,-0.6014,-0.3968,0.5064,-0.2674,,building1,active
2018-10-30T16:00:00Z,0.6310,0.6843,0.5286,0.0460,-0.0994,-0.3351,0.1786,-0.4048,0.8072,0.1548,,building1,active
2018-10-31T16:00:00Z,0.6292,-0.3179,0.3939,0.5948,0.1129,-0.0895,-0.2281,-0.4128,0.4474,0.8186,,building1,passive
2018-11-01T16:00:00Z,-0.6137,0.0768,0.2138,0.3188,0.2631,0.1628,0.4039,-0.4208,0.6815,-0.9306,,building1,active
2018-11-02T16:00:00Z,0.5591,0.9031,-0.0099,0.0667,0.4987,0.0921,-0.3258,-0.4289,0.8083,0.0183,,building1,active
2018-11-03T16:00:00Z,-0.3608,-0.0806,0.0813,-0.2879,0.5548,0.3886,-0.4251,-0.4369,0.7514,0.6735,,building1,active
2018-11-04T16:00:00Z,-0.9218,0.8238,0.7775,-0.2779,0.2464,0.1155,-0.1991,-0.4449,0.4867,-0.3895,,building1,passive
2018-11-05T16:00:00Z,0.5155,-0.4419,0.6635,-0.3124,0.6882,0.1779,-0.1243,-0.4529,0.7113,-0.6808,,building1,active
2018-11-06T16:00:00Z,1.0304,-0.3247,-0.3027,0.4715,0.3975,0.8100,-0.4406,-0.4609,0.1431,0.7050,,building2,passive
2018-11-07T16:00:00Z,-0.0690,0.1094,-0.0902,0.4447,-0.0460,-0.2851,-0.2579,-0.4689,1.2310,-0.3365,,building1,passive
2018-11-08T16:00:00Z,0.4267,0.2121,0.3179,-0.1310,0.0407,0.7113,0.5039,-0.4770,1.0699,1.0594,,building1,active
2018-11-09T16:00:00Z,0.0950,0.2403,0.9884,0.1580,-0.1624,1.5178,-0.1445,-0.4850,0.8006,0.2032,,building1,active
2018-11-10T16:00:00Z,0.1458,0.4704,0.2512,0.5110,1.2358,-0.0626,0.1243,-0.4930,0.7349,0.4261,,building1,active
2018-11-11T16:00:00Z,-0.6558,-0.6247,0.4000,0.0514,0.2576,1.6219,-0.1686,-0.5010,0.6236,0.2872,,building1,active
2018-11-12T16:00:00Z,-0.2982,0.4552,-0.5398,0.6571,0.1798,0.7530,0.6812,-0.5090,0.6239,1.0440,,building3,active
2018-11-13T16:00:00Z,0.3921,0.6761,-0.1077,0.5130,0.1064,-0.4410,0.3742,-0.5170,0.4441,0.3588,,building1,active
2018-11-14T16:00:00Z,-0.1698,-0.5214,-0.8874,0.2825,0.4923,-0.9649,-0.4153,-0.5251,0.8911,,,building6,active
2018-11-15T16:00:00Z,0.2497,1.0020,-0.1138,-0.0145,0.5236,0.1379,0.7758,-0.5331,1.2059,0.9147,,building1,active
2018-11-16T16:00:00Z,-0.2394,0.1248,1.0593,1.0834,1.3774,-0.4543,-0.0737,-0.5411,0.6718,0.7142,0.7370,building3,active
2018-11-17T16:00:00Z,0.7180,0.4858,-0.2309,1.0184,0.1341,0.8903,-0.2002,-0.5491,0.5490,0.5277,,building1,active
2018-11-18T16:00:00Z,-0.1395,0.8309,-0.1218,0.5476,0.2224,-0.0512,0.8377,-0.5571,0.9514,,,building6,active
2018-11-19T16:00:00Z,1.1030,1.0138,1.1750,0.0992,0.7995,1.1478,0.6469,-0.5651,0.7948,-0.6163,,building2,passive
2018-11-20T16:00:00Z,0.5264,0.7109,0.2482,0.4697,0.0327,1.1979,0.4786,-0.5731,0.8458,0.6344,,building1,active
2018-11-21T16:00:00Z,0.4122,0.6102,-0.7210,-0.2974,0.6427,0.0879,0.3594,-0.5812,1.3810,0.0102,,building1,active
2018-11-22T16:00:00Z,0.8303,1.0277,0.1608,0.0057,0.2403,0.3767,0.6923,-0.5892,0.1392,0.6658,,building1,active
2018-11-23T16:00:00Z,-0.1182,0.1323,0.0493,0.1586,0.8100,-0.6552,0.1633,-0.5972,1.0651,,,building6,active
2018-11-24T16:00:00Z,1.0720,0.6150,-0.0279,1.0933,1.8720,0.8174,-0.1358,-0.6052,0.7207,-0.1821,,building2,active
2018-11-25T16:00:00Z,0.2605,-0.2430,0.5636,0.5092,0.3134,0.6867,0.1022,-0.6132,0.5614,0.3944,,building1,active
2018-11-26T16:00:00Z,0.6176,-0.1259,0.1652,1.3727,0.6679,0.3263,1.1229,-0.6212,0.8877,0.1285,,building1,active
2018-11-27T16:00:00Z,0.7640,-0.4557,0.8539,0.5540,0.9619,0.0795,0.8603,-0.6293,1.0331,0.0095,,building1,active
2018-11-28T16:00:00Z,0.5901,0.3855,0.5931,-0.0501,0.7414,1.0240,0.2091,-0.6373,1.0494,0.1644,,building1,active
2018-11-29T16:00:00Z,0.8723,0.3587,0.2613,1.0817,-0.1323,0.8147,0.9410,-0.6453,1.5145,0.9991,,building1,active
2018-11-30T16:00:00Z,0.8713,0.5730,0.8524,1.3006,-0.0913,1.2026,1.4754,-0.6533,1.1315,0.0078,,building1,active
2018-12-01T16:00:00Z,0.8281,0.2542,0.7609,0.8150,0.7493,0.4279,0.2392,-0.6613,0.4088,1.1753,,building1,active
2018-12-02T16:00:00Z,0.7024,0.6687,-0.1192,0.7726,0.2194,0.8461,-0.1583,-0.6693,0.1178,0.8805,,building1,active
2018-12-03T16:00:00Z,1.2162,0.6426,0.6618,0.5942,0.5629,1.2244,0.5113,-0.6774,0.9439,-0.7356,,building1,active
2018-12-04T16:00:00Z,0.1124,0.3354,0.2995,0.4120,0.6273,0.3046,0.8328,-0.6854,1.0448,-0.5146,,building1,active
2018-12-05T16:00:00Z,0.8868,1.2393,1.4413,0.5934,1.7527,0.5948,1.0880,-0.6934,1.5850,0.8230,,building1,passive
2018-12-06T16:00:00Z,0.4843,0.5297,0.3391,0.0171,2.0571,0.6086,0.3100,-0.7014,1.0264,0.5782,,building1,active
2018-12-07T16:00:00Z,0.7198,-0.0528,0.9206,1.0073,0.3812,1.2114,0.3761,-0.7094,0.7527,1.6247,,building1,active
2018-12-08T16:00:00Z,1.0578,0.5628,1.4833,0.4993,-0.3444,0.6878,0.9779,-0.7174,1.5632,0.6553,,building1,active
2018-12-09T16:00:00Z,1.2112,1.7191,0.8859,-0.2407,1.4001,0.0942,1.1191,-0.7255,1.2475,0.4743,,building1,active
2018-12-10T16:00:00Z,1.0357,0.4678,0.2370,0.7334,-0.3628,0.3780,0.7634,-0.7335,0.9655,0.9046,,building1,active
2018-12-11T16:00:00Z,1.1457,1.1098,0.8815,1.1059,0.2864,1.1289,1.0908,-0.7415,1.3989,0.9132,,building1,active
2018-12-12T16:00:00Z,0.9685,-0.2296,-0.0838,1.5031,0.9209,1.3423,0.3067,-0.7495,1.0789,1.5031,,building1,active
2018-12-13T16:00:00Z,0.8374,0.1529,0.5829,1.2208,-0.0300,0.4729,0.0473,-0.7575,1.4322,0.6938,,building1,active
2018-12-14T16:00:00Z,1.2388,1.2631,0.1793,1.2961,1.4701,0.8098,0.8288,-0.7655,0.5971,0.6755,,building1,active
2018-12-15T16:00:00Z,0.4459,0.2120,1.4341,0.4999,0.2044,0.5390,1.1696,-0.7735,1.3400,0.4676,,building1,active
2018-12-16T16:00:00Z,0.3167,0.7134,1.1607,0.7576,0.8904,1.0561,0.4358,-0.7816,1.2899,0.2055,,building1,active
2018-12-17T16:00:00Z,0.5252,0.9967,1.1411,1.7558,1.0354,1.6848,0.7753,-0.7896,1.4001,0.6333,,building1,active
2018-12-18T16:00:00Z,0.9653,1.0630,0.8483,0.6407,-0.4255,1.5132,0.5347,-0.7976,1.3490,0.8954,0.1698,building1,active
2018-12-19T16:00:00Z,1.3261,1.2241,1.3851,0.8995,0.2273,1.0912,1.1924,-0.8056,1.5812,0.2493,,building1,active
2018-12-20T16:00:00Z,0.7655,0.4939,0.7171,0.8492,0.1867,0.4336,0.7086,-0.8136,1.1256,1.2653,,building1,active
2018-12-21T16:00:00Z,2.0907,1.0860,1.3603,0.8062,0.7676,0.4913,1.3857,-0.8216,0.5884,-0.3030,,building1,active
2018-12-22T16:00:00Z,1.3869,1.6660,1.0243,1.5876,0.7496,0.6237,0.5228,-0.8297,1.7961,1.3486,,building1,active
2018-12-23T16:00:00Z,1.8514,0.0302,1.2597,1.4102,0.3556,0.2622,0.6648,-0.8377,1.4254,1.0636,,building1,active
2018-12-24T16:00:00Z,0.8242,0.6262,0.9829,0.9293,0.7906,0.7158,0.4687,-0.8457,1.9223,1.2732,,building1,active
2018-12-25T16:00:00Z,0.6517,1.3932,1.3429,0.5296,-0.0039,1.3838,0.0166,-0.8537,1.0960,0.0015,,building1,active
2018-12-26T16:00:00Z,1.5309,1.0577,0.8985,0.0443,0.6796,0.2653,1.4627,-0.8617,1.4322,0.6945,,building1,passive
2018-12-27T16:00:00Z,0.3860,0.6815,1.0718,0.5066,1.1740,1.2628,0.9727,-0.8697,1.7014,1.1456,,building1,active
2018-12-28T16:00:00Z,1.0840,0.5521,1.6131,0.4684,1.4011,0.5560,1.4345,-0.8778,0.9739,0.4436,,building1,passive
2018-12-29T16:00:00Z,0.8770,0.6230,1.5053,0.9098,0.7481,0.7933,0.9923,-0.8858,0.9549,0.6638,,building1,passive
2018-12-30T16:00:00Z,1.2536,0.4581,0.7902,0.9665,1.6151,0.6834,0.5126,-0.8938,1.3374,0.7854,,building1,active
2018-12-31T16:00:00Z,1.6553,0.9356,1.2809,0.8816,0.6981,0.1537,1.4546,-0.9018,1.5796,0.2304,,building1,active
2019-01-01T16:00:00Z,1.0470,0.7578,1.6450,0.6963,1.3043,1.1718,1.4405,-0.9098,1.8544,0.5884,,building1,active
2019-01-02T16:00:00Z,1.5396,1.0738,1.3155,0.5694,0.9968,0.7778,1.3537,-0.9178,1.5621,-0.2358,,building1,active
2019-01-03T16:00:00Z,0.9006,-0.2985,0.5977,1.4000,0.8222,0.0791,1.4476,-0.9259,1.3568,-0.1547,,building1,active
2019-01-04T16:00:00Z,0.6631,1.1192,1.0606,1.8362,1.3014,1.1733,0.6352,-0.9339,0.9179,0.6510,,building1,active
2019-01-05T16:00:00Z,0.9806,1.3503,1.6540,0.1112,1.0429,1.3646,0.5900,-0.9419,1.3286,0.6600,,building1,active
2019-01-06T16:00:00Z,1.7132,0.2832,1.3461,1.1316,1.4330,2.0638,1.9944,-0.9499,1.5839,1.4275,,building1,active
2019-01-07T16:00:00Z,0.4643,0.2458,0.7332,1.9997,1.8379,0.6646,1.4002,-0.9579,2.2237,1.1963,,building1,active
2019-01-08T16:00:00Z,0.6175,-0.1845,1.2919,1.9547,0.0264,0.7552,0.9364,-0.9659,1.7009,1.0083,,building1,active
2019-01-09T16:00:00Z,0.4268,1.0647,1.8410,1.5114,1.8106,1.0971,1.8961,-0.9739,1.2237,0.7586,,building1,active
2019-01-10T16:00:00Z,1.0476,1.1305,0.4414,0.5085,0.9795,0.8173,1.1363,-0.9820,1.5588,2.0570,,building1,active
2019-01-11T16:00:00Z,1.5457,1.1378,0.5953,1.4513,1.0597,1.0890,1.1615,-0.9900,1.1207,0.9104,,building1,active
2019-01-12T16:00:00Z,0.6432,0.5803,0.1707,1.2681,0.6018,1.1719,1.3650,-0.9980,1.1464,1.5826,0.1086,building1,active
2019-01-13T16:00:00Z,2.0066,1.1704,0.9936,0.5540,0.7395,1.0864,1.1770,-1.0060,1.7063,0.5109,,building1,active
2019-01-14T16:00:00Z,1.2265,1.9622,0.5950,0.8810,1.2993,2.1272,1.7260,-1.0140,1.5371,0.7120,,building1,active
2019-01-15T16:00:00Z,0.5330,0.2442,0.7656,1.0838,0.6994,0.4506,2.1885,-1.0220,1.3957,1.3632,,building1,active
2019-01-16T16:00:00Z,0.8432,0.9472,1.1791,0.6687,0.8567,0.9572,-0.2757,-1.0301,1.3646,1.6500,,building1,active
2019-01-17T16:00:00Z,0.8751,1.1303,0.1006,1.3401,1.0448,1.0772,1.3648,-1.0381,1.8906,0.8558,,building1,active
2019-01-18T16:00:00Z,1.6179,1.9993,0.6513,1.8176,-0.1712,0.5994,0.9940,-1.0461,1.4033,1.4072,,building1,active
2019-01-19T16:00:00Z,0.9141,1.9015,1.9574,1.0367,1.5200,2.0817,0.0826,-1.0541,2.0717,1.0597,,building1,passive
2019-01-20T16:00:00Z,0.1289,1.5187,1.7891,1.1676,1.2810,0.8580,0.6411,-1.0621,1.3806,0.6797,,building1,active
2019-01-21T16:00:00Z,1.3888,0.9263,1.4821,0.6181,0.4248,0.6291,0.2576,-1.0701,1.5366,0.5940,,building1,active
2019-01-22T16:00:00Z,1.3456,1.7624,0.9604,0.8215,-0.3728,0.1598,1.2611,-1.0782,1.5390,1.2187,,building1,active
2019-01-23T16:00:00Z,1.0261,0.5994,0.6763,1.9768,1.2978,1.2063,0.2482,-1.0862,1.2482,0.6667,,building1,active
2019-01-24T16:00:00Z,1.0629,0.5474,0.4365,0.8615,0.4458,1.0947,0.0212,-1.0942,1.3059,1.1030,,building1,active
2019-01-25T16:00:00Z,1.9494,0.7171,-0.1036,1.0873,0.7848,0.7415,0.0103,-1.1022,1.4001,1.2440,,building1,active
2019-01-26T16:00:00Z,0.1964,0.5219,1.7631,0.9524,0.7481,1.4294,0.9606,-1.1102,2.1819,1.0746,,building1,active
2019-01-27T16:00:00Z,0.9230,0.2571,0.1080,0.2983,-0.0437,1.5224,0.1980,-1.1182,2.0764,1.0016,,building1,active
2019-01-28T16:00:00Z,0.7785,0.1334,1.9382,0.5558,0.8595,1.2083,0.9233,-1.1263,1.6017,0.7296,,building1,active
2019-01-29T16:00:00Z,1.0566,0.4784,1.4527,1.3546,0.7835,0.5480,0.8501,-1.1343,1.7354,0.9767,,building1,active
2019-01-30T16:00:00Z,1.6810,1.5814,0.9677,0.6751,1.2325,0.7082,1.5503,-1.1423,1.5823,1.3066,,building1,active
2019-01-31T16:00:00Z,1.4442,1.1050,1.6123,1.0116,0.7238,0.7450,0.9858,-1.1503,1.7952,1.1468,,building1,active
2019-02-01T16:00:00Z,0.7323,1.2470,0.8803,1.3646,0.6936,1.5880,1.6537,-1.1583,1.9680,0.7158,,building1,passive
2019-02-02T16:00:00Z,1.1883,1.0811,1.2465,0.9874,0.7233,1.5681,1.2730,-1.1663,1.4780,0.1819,,building1,passive
2019-02-03T16:00:00Z,0.4430,0.4331,0.9297,0.6400,0.4851,1.5158,1.1168,-1.1743,1.5625,1.5491,,building1,passive
2019-02-04T16:00:00Z,0.7165,0.2169,1.2620,0.2133,0.9983,1.6692,0.5165,-1.1824,2.0602,1.1528,,building1,active
2019-02-05T16:00:00Z,1.2650,1.0820,1.0406,1.1053,0.8062,0.3754,0.8943,-1.1904,1.9788,0.8681,,building1,active
2019-02-06T16:00:00Z,1.2772,1.1730,0.4846,1.5880,0.5065,0.8588,-0.0073,-1.1984,1.1712,0.8689,,building1,active
2019-02-07T16:00:00Z,1.3617,0.9399,0.6532,0.2012,1.9152,0.0816,1.1622,-1.2064,1.6251,0.4282,,building1,active
2019-02-08T16:00:00Z,0.4027,0.5709,0.3457,1.0295,0.9421,1.5706,0.8365,-1.2144,1.7055,0.2766,,building1,active
2019-02-09T16:00:00Z,1.8846,1.6827,1.0595,0.1410,0.6147,0.7376,0.9599,-1.2224,1.7096,0.9920,,building1,active
2019-02-10T16:00:00Z,1.6463,0.9661,1.1684,0.9789,0.9455,0.8707,0.9455,-1.2305,2.0253,0.8286,,building1,active
2019-02-11T16:00:00Z,0.8345,0.6356,0.7279,1.4933,1.5152,1.2045,0.4949,-1.2385,2.3643,0.0622,,building1,active
2019-02-12T16:00:00Z,1.2072,1.1642,0.0932,0.7392,0.1689,0.4708,0.0711,-1.2465,1.7107,0.2956,,building1,active
2019-02-13T16:00:00Z,0.7167,0.8085,0.2401,1.1532,-0.1945,0.7213,2.4542,-1.2545,1.6960,1.1106,0.6578,building1,active
2019-02-14T16:00:00Z,0.6307,-0.1112,1.9940,1.1711,1.1081,0.7865,0.9185,-1.2625,1.8689,0.7210,,building1,active
2019-02-15T16:00:00Z,1.0209,0.2187,1.0192,0.4124,0.4155,0.8529,0.6371,-1.2705,2.2628,1.6453,,building1,passive
2019-02-16T16:00:00Z,0.9665,1.0610,0.6349,0.7843,1.2347,0.6972,0.4172,-1.2786,2.1281,1.2543,,building1,active
2019-02-17T16:00:00Z,0.3630,-0.0013,0.6119,0.6604,-0.1025,0.8574,0.4509,-1.2866,1.7736,0.5305,,building1,active
2019-02-18T16:00:00Z,0.1555,0.5754,1.0333,0.7458,0.3851,0.6860,0.8241,-1.2946,1.9170,1.1245,,building1,active
2019-02-19T16:00:00Z,0.5578,0.7426,1.5001,0.1711,1.0451,0.7575,0.4868,-1.3026,2.1717,1.4723,,building1,active
2019-02-20T16:00:00Z,0.1068,1.5749,-0.0367,1.8758,0.3229,1.0026,0.2981,-1.3106,1.8952,1.4758,,building1,active
2019-02-21T16:00:00Z,-0.1170,1.2083,0.6858,0.7520,0.3491,0.6083,0.8048,-1.3186,1.9745,,,building6,active
2019-02-22T16:00:00Z,0.6944,0.5706,0.2533,0.2918,0.4305,0.1002,0.8320,-1.3267,2.1603,1.6869,,building1,active
2019-02-23T16:00:00Z,1.0250,0.7795,1.4533,-0.0969,1.1134,0.7276,0.9983,-1.3347,2.2834,0.1954,,building1,active
2019-02-24T16:00:00Z,1.4489,1.0466,-0.5804,0.2681,0.3304,0.6764,0.6985,-1.3427,2.2296,0.2425,,building1,active
2019-02-25T16:00:00Z,0.3644,0.4474,-0.1219,1.5044,0.2166,0.0615,0.2166,-1.3507,2.5296,0.4235,,building1,active
2019-02-26T16:00:00Z,0.4376,1.3689,-0.5185,0.3000,0.4062,0.3995,0.9548,-1.3587,2.0073,0.5219,,building1,active
2019-02-27T16:00:00Z,0.6072,0.8437,0.3952,-0.5699,0.5720,1.0279,0.4064,-1.3667,1.7244,0.5313,,building1,active
2019-02-28T16:00:00Z,0.8382,0.1017,1.3479,0.6541,0.4238,0.1529,0.7637,-1.3747,2.0473,0.0047,,building1,active
2019-03-01T16:00:00Z,1.0242,1.0412,0.1415,0.8186,0.9078,0.4372,0.9369,-1.3828,2.0602,0.3415,,building1,active
2019-03-02T16:00:00Z,0.2407,1.6401,0.2593,0.7444,0.3279,0.2656,0.0736,-1.3908,1.6853,0.4447,,building1,active
2019-03-03T16:00:00Z,-0.2969,-0.0486,2.0564,1.1086,0.5110,-0.1168,1.5684,-1.3988,1.5219,0.9803,0.1574,building3,active
2019-03-04T16:00:00Z,0.9520,0.6396,0.8934,-0.2863,0.2565,-0.1646,0.2157,-1.4068,2.6184,0.7017,,building1,active
2019-03-05T16:00:00Z,0.2760,0.7196,-0.0376,0.2349,0.9418,0.4446,1.4707,-1.4148,1.9376,0.1150,,building1,passive
2019-03-06T16:00:00Z,0.7107,0.4630,0.9383,0.4150,0.9271,0.3512,0.5082,-1.4228,2.0352,1.9900,,building1,active
2019-03-07T16:00:00Z,1.1971,0.9948,1.0094,-0.1410,1.0468,0.2743,0.6798,-1.4309,2.2765,0.9450,,building1,active
2019-03-08T16:00:00Z,-0.3668,-0.2170,-0.2735,0.0706,0.1381,0.9661,0.9322,-1.4389,1.9224,0.5533,,building1,active
2019-03-09T16:00:00Z,0.0971,-0.1254,0.4882,0.3830,0.1933,0.7531,0.8281,-1.4469,2.3731,0.6377,,building1,active
2019-03-10T16:00:00Z,0.3762,0.6505,0.3871,1.2523,1.3856,1.0211,-0.1409,-1.4549,1.9283,-0.0591,,building1,active
2019-03-11T16:00:00Z,-0.2064,-0.0895,0.4638,-0.3268,-0.0466,0.8691,0.0490,-1.4629,2.2888,0.3018,,building3,active
2019-03-12T16:00:00Z,-0.2503,0.5463,0.7040,-0.0100,-0.3854,0.8094,0.4600,-1.4709,2.3541,0.6176,,building3,active
2019-03-13T16:00:00Z,1.2286,0.2567,0.5409,0.5821,0.0718,0.1057,1.7534,-1.4790,2.0017,-0.7636,,building1,active
2019-03-14T16:00:00Z,0.3793,-0.2723,0.5909,0.4998,0.6817,0.1915,0.9185,-1.4870,2.1189,0.7228,,building1,passive
2019-03-15T16:00:00Z,0.5548,-0.1904,-0.2313,0.9829,-0.4955,-0.3651,0.8072,-1.4950,1.9478,0.4584,,building1,passive
2019-03-16T16:00:00Z,-0.1435,-0.3254,-0.4232,-0.5365,0.3010,0.3217,-0.0600,-1.5030,2.2621,,,building6,active
2019-03-17T16:00:00Z,0.4006,0.8033,0.3565,-0.4042,-0.0765,-0.1469,0.7243,-1.5110,2.0342,0.1495,,building1,active
2019-03-18T16:00:00Z,0.6696,-0.4915,-0.1699,0.0976,0.7925,0.3516,0.5856,-1.5190,2.2606,0.2292,,building1,active
2019-03-19T16:00:00Z,0.8406,-0.3546,-0.8335,0.5318,-0.1592,0.2450,0.5139,-1.5271,1.9404,0.4797,,building1,active
2019-03-20T16:00:00Z,0.4455,0.3226,0.6536,0.0471,-0.6146,1.1981,0.6593,-1.5351,2.7255,0.1044,,building1,active
2019-03-21T16:00:00Z,0.8182,0.3062,0.3699,0.8305,0.5881,0.6441,0.1156,-1.5431,1.9731,-0.6093,,building1,active
2019-03-22T16:00:00Z,0.3344,0.5170,-0.3162,-0.1139,1.0868,-0.0181,-0.5077,-1.5511,2.1044,-0.0006,,building1,active
2019-03-23T16:00:00Z,-0.1528,0.1922,-0.1343,-0.0376,-0.1428,-0.4890,-0.3312,-1.5591,2.5496,,,building6,active
2019-03-24T16:00:00Z,-0.4363,-0.0911,-0.0604,0.1640,-0.3361,-0.7580,1.3391,-1.5671,2.3003,-0.4787,,building1,active
2019-03-25T16:00:00Z,-0.5144,0.2341,0.2643,0.7336,0.7552,0.2058,-0.2975,-1.5752,2.0224,0.3156,,building1,passive
2019-03-26T16:00:00Z,-0.2879,0.7158,-0.2406,-0.6752,-0.6897,0.5803,-0.3882,-1.5832,1.9598,0.2864,,building3,active
2019-03-27T16:00:00Z,-0.5714,0.3393,0.2102,-0.1203,0.5914,0.0149,1.0827,-1.5912,2.5546,-0.4076,,building1,active
2019-03-28T16:00:00Z,0.8250,0.4998,0.3527,-0.1865,-0.5715,-0.4690,-0.3777,-1.5992,2.3770,-0.7394,,building1,active
2019-03-29T16:00:00Z,-1.4624,0.4937,-0.1606,-0.4948,1.2264,-0.8392,-0.8592,-1.6072,2.3616,0.4135,,building1,active
2019-03-30T16:00:00Z,-0.5073,0.4772,-0.1206,-0.2304,-0.8187,-0.5548,-0.0381,-1.6152,2.5907,-1.0942,,building1,active
2019-03-31T16:00:00Z,-1.2038,-0.9238,-0.6332,-0.0972,0.0279,0.0691,-0.0053,-1.6232,2.5176,0.1051,,building1,active
2019-04-01T16:00:00Z,-0.3471,-0.3304,-0.4393,-0.0520,-0.1993,-0.1720,0.2522,-1.6313,2.3059,0.3992,0.2271,building1,active
2019-04-02T16:00:00Z,0.8901,0.2458,0.5414,-0.5444,-0.3460,-0.2277,0.4981,-1.6393,2.3255,-0.8815,,building1,active
2019-04-03T16:00:00Z,0.2359,-0.1584,0.4662,-0.0985,-0.2589,0.8574,1.0114,-1.6473,3.2509,0.3794,,building1,active
2019-04-04T16:00:00Z,0.2043,-0.3567,-0.1518,-0.5599,0.3232,0.3009,-0.2946,-1.6553,2.1600,0.3523,,building1,passive
2019-04-05T16:00:00Z,-0.1403,0.0855,-0.5333,-0.8809,-0.4281,0.2422,-0.0728,-1.6633,2.8856,,,building6,active
2019-04-06T16:00:00Z,0.3382,-0.3491,-0.0095,0.4067,0.1876,-0.4676,0.1621,-1.6713,2.3501,0.0639,,building1,active
2019-04-07T16:00:00Z,-0.4340,-0.0797,0.2461,-0.3248,0.4546,0.5922,0.3905,-1.6794,2.8618,0.3931,,building1,active
2019-04-08T16:00:00Z,0.0739,0.6945,-1.2997,-0.1078,-0.1831,0.6661,-0.0495,-1.6874,2.7737,-0.1062,,building1,active
2019-04-09T16:00:00Z,0.4406,-0.1185,0.6394,-0.5163,-0.1528,-0.1760,-0.5229,-1.6954,2.3507,-0.4511,,building1,active
2019-04-10T16:00:00Z,-0.4554,-0.3464,-0.1545,-1.3767,-0.6127,-0.0640,-1.1169,-1.7034,2.4585,-0.3737,,building1,active
2019-04-11T16:00:00Z,0.9391,-1.3535,0.2704,0.1606,-0.1207,-0.6212,0.2149,-1.7114,1.9491,0.5254,,building1,passive
2019-04-12T16:00:00Z,-0.8723,-0.4415,-0.7840,-1.2360,-0.8431,-0.3421,0.8430,-1.7194,2.3240,-0.2979,,building1,active
2019-04-13T16:00:00Z,-0.3305,-0.1465,-0.7800,-0.0163,0.2023,0.0619,-1.0001,-1.7275,1.9146,0.2676,,building1,active
2019-04-14T16:00:00Z,-0.9938,-0.1642,0.0542,-0.4783,-0.8569,-0.3485,0.3185,-1.7355,3.0089,0.4740,,building1,active
2019-04-15T16:00:00Z,-0.1799,-1.5529,-0.9193,-0.2339,-0.7729,-0.3158,-0.8941,-1.7435,3.2664,,,building6,active
2019-04-16T16:00:00Z,-0.2685,-0.7232,-0.6840,-0.0783,-0.0280,0.3656,-0.8555,-1.7515,2.6319,0.1880,,building3,passive
2019-04-17T16:00:00Z,-0.1543,0.3360,-0.3517,-0.6833,-0.4344,-0.7561,-0.8282,-1.7595,2.8062,,,building6,active
2019-04-18T16:00:00Z,-0.6892,0.0088,-0.9562,-0.8175,-0.5228,-0.7719,-0.6789,-1.7675,2.4797,-1.6449,,building1,active
2019-04-19T16:00:00Z,-0.3938,-0.8252,-1.4465,-0.3734,-0.3020,0.3262,-0.3184,-1.7756,2.9063,-0.5604,,building1,active
2019-04-20T16:00:00Z,-0.9510,-0.6032,-0.8919,-0.5920,-0.4064,-0.4483,-0.2066,-1.7836,3.0580,-0.8996,,building1,passive
2019-04-21T16:00:00Z,-0.7632,-0.2046,-0.9567,-1.0348,-1.0793,-0.6258,-0.6623,-1.7916,2.2393,-0.2988,,building1,active
2019-04-22T16:00:00Z,-1.6426,-0.3090,-0.2184,-0.3648,0.2911,-0.9287,-0.2561,-1.7996,2.5696,-0.2571,,building1,active
2019-04-23T16:00:00Z,-0.5846,-0.4525,-0.4474,0.4049,-1.2577,0.0314,0.3829,-1.8076,2.6441,-0.7640,,building1,active
2019-04-24T16:00:00Z,-0.3799,-0.9171,0.0548,-0.7633,-0.2248,-0.3646,-0.8183,-1.8156,2.1754,-1.0601,,building1,active
2019-04-25T16:00:00Z,-0.6064,-0.4272,-0.2669,-0.2072,-0.2400,-0.5201,-0.6044,-1.8236,2.9496,-1.1603,,building1,active
2019-04-26T16:00:00Z,-1.6627,-1.2013,-0.7359,-0.1254,-0.6246,-0.7889,-0.4036,-1.8317,2.4136,0.9696,,building1,passive
2019-04-27T16:00:00Z,-0.9253,-1.0811,-0.4507,0.1599,-0.7482,-0.9608,-0.2076,-1.8397,2.3858,-0.5998,0.4726,building1,active
2019-04-28T16:00:00Z,-0.3614,0.0432,0.1602,-1.3033,-0.9226,-0.9279,-0.0515,-1.8477,3.4576,-0.1304,,building1,active
2019-04-29T16:00:00Z,-0.5734,-0.3071,-0.6825,-0.2047,-2.0150,-0.4837,-0.6104,-1.8557,2.4391,-1.3577,,building1,active
2019-04-30T16:00:00Z,-0.9638,-0.7411,-1.5843,-0.6950,0.1311,-0.4071,-1.3298,-1.8637,3.1003,-1.6778,,building1,active
2019-05-01T16:00:00Z,-1.0981,-0.6025,-0.1995,-0.4573,-0.4142,-1.0876,-0.3805,-1.8717,2.4892,-1.0472,,building1,active
2019-05-02T16:00:00Z,-0.7798,-0.3203,-0.6801,-0.1787,-0.2462,-0.6334,-0.2894,-1.8798,2.7135,-0.1580,,building1,active
2019-05-03T16:00:00Z,-0.5210,-1.6334,-0.4123,-0.2058,-1.1285,-1.4409,-1.0301,-1.8878,2.6791,-0.7821,,building1,active
2019-05-04T16:00:00Z,-0.2165,-0.5111,-1.6446,-0.8687,0.2971,-0.9808,-0.2189,-1.8958,2.6972,-0.1603,,building3,active
2019-05-05T16:00:00Z,-0.3506,-0.3125,-0.4208,-0.1411,-0.0749,-0.9403,-0.3651,-1.9038,3.0403,0.3142,,building1,active
2019-05-06T16:00:00Z,-1.0613,-0.6481,-1.1129,-1.3821,-0.1011,-1.3079,-0.8508,-1.9118,3.0203,0.3884,,building1,active
2019-05-07T16:00:00Z,-0.3718,0.1645,-0.7698,-0.9166,-0.7585,-0.6583,-0.8195,-1.9198,2.6823,-0.7344,,building1,active
2019-05-08T16:00:00Z,-0.3446,-0.9565,0.1701,0.1467,-0.8350,-1.1136,-1.3140,-1.9279,3.2315,-0.3774,,building1,active
2019-05-09T16:00:00Z,-0.8306,-0.7632,-0.5371,0.2198,-0.3815,-1.0833,-0.5716,-1.9359,3.5779,-0.2207,,building1,active
2019-05-10T16:00:00Z,-1.5567,-1.2209,-0.1236,-0.9645,-0.9808,-1.0140,-1.1029,-1.9439,2.9569,-0.9593,0.5467,building1,active
2019-05-11T16:00:00Z,-0.5367,-0.9218,-0.5018,0.1680,-0.8354,-0.8498,-0.3502,-1.9519,2.8655,-0.9313,,building1,active
2019-05-12T16:00:00Z,-0.8919,-0.6371,-1.5789,-0.3352,-1.1893,-1.0633,-0.2286,-1.9599,2.6712,-1.2412,,building1,passive
2019-05-13T16:00:00Z,-0.4329,0.0900,-1.0533,-0.9113,-1.2693,-0.7192,-0.2549,-1.9679,2.7985,-0.9689,,building1,active
2019-05-14T16:00:00Z,-0.1244,-1.4677,-0.2950,-0.9557,-1.2083,-1.4306,-0.8063,-1.9760,3.1146,,,building6,active
2019-05-15T16:00:00Z,-1.8621,-0.3407,-1.1563,-1.3539,-0.7183,0.1211,-1.1645,-1.9840,3.6178,-1.2632,,building1,active
2019-05-16T16:00:00Z,-1.1821,-1.1297,-1.1911,-0.4663,-0.3756,-0.5177,-0.9833,-1.9920,2.7687,-0.2342,,building1,passive
2019-05-17T16:00:00Z,-0.4085,-0.2425,-0.6587,-0.9113,-0.5809,-1.6779,-0.1961,-2.0000,2.7467,-1.9619,0.4332,building1,active
